Company Code,Fiscal Year,Posting period,Posting Date,Document Date,G/L Account,Reference,Document Currency,Tax Code,Amount in Doc. Curr.,Document Type,Value date,Text
1234,2025,7,7/31/2025,7/31/2025,13003115,194,SAR,YA,"-13,954.92",IP,,FX reimbursement-VAT Rec Input RC
1234,2025,7,7/25/2025,4/17/2025,13003115,463,USD,YI,-517.50,RE,7/25/2025,Invoice - Gross-VAT Rec Input RC
1234,2025,7,7/6/2025,7/3/2025,13003115,226,EUR,YA,"8,380.44",KR,7/6/2025,Vendor Invoice-VAT Rec Input RC
1234,2025,7,7/9/2025,3/31/2025,13003115,426,EUR,YA,685.58,KR,7/9/2025,Vendor Invoice-VAT Rec Input RC
1234,2025,7,7/9/2025,3/31/2025,13003115,426,EUR,YA,596.16,KR,7/9/2025,Vendor Invoice-VAT Rec Input RC
1234,2025,7,7/7/2025,2/28/2025,13003115,597,EUR,YA,"1,736.59",KR,7/7/2025,Vendor Invoice-VAT Rec Input RC
1234,2025,7,7/7/2025,2/28/2025,13003115,597,EUR,YA,"1,510.08",KR,7/7/2025,Vendor Invoice-VAT Rec Input RC
1234,2025,7,7/17/2025,6/30/2025,13003115,567,GBP,YA,740.60,KR,7/17/2025,Vendor Invoice-VAT Rec Input RC
1234,2025,7,7/21/2025,6/19/2025,13003115,587,EUR,YI,534.75,KR,7/21/2025,Vendor Invoice-VAT Rec Input RC
1234,2025,7,7/10/2025,6/26/2025,13003115,696,GBP,YA,"4,487.30",KR,7/10/2025,Vendor Invoice-VAT Rec Input RC
1234,2025,7,7/14/2025,7/11/2025,13003115,875,EUR,YA,132.27,KR,7/14/2025,Vendor Invoice-VAT Rec Input RC
1234,2025,7,7/14/2025,7/11/2025,13003115,875,EUR,YA,"17,301.97",KR,7/14/2025,Vendor Invoice-VAT Rec Input RC
1234,2025,7,7/24/2025,6/30/2025,13003115,774,GBP,YA,"4,830.00",KR,7/24/2025,Vendor Invoice-VAT Rec Input RC
1234,2025,7,7/29/2025,7/25/2025,13003115,338,EUR,YA,646.15,KR,7/29/2025,Vendor Invoice-VAT Rec Input RC
1234,2025,7,7/16/2025,2/26/2025,13003115,713,ILS,YA,"9,200.00",RE,7/16/2025,Invoice - Gross-VAT Rec Input RC
1234,2025,7,7/16/2025,2/26/2025,13003115,713,ILS,YA,"7,200.00",RE,7/16/2025,Invoice - Gross-VAT Rec Input RC
1234,2025,7,7/8/2025,6/25/2025,13003115,426,GBP,YA,"-9,847.04",RE,7/7/2025,Invoice - Gross-VAT Rec Input RC
1234,2025,7,7/8/2025,6/25/2025,13003115,426,GBP,YA,"-4,475.92",RE,7/7/2025,Invoice - Gross-VAT Rec Input RC
1234,2025,7,7/8/2025,6/25/2025,13003115,426,GBP,YA,"-9,309.93",RE,7/7/2025,Invoice - Gross-VAT Rec Input RC
1234,2025,7,7/25/2025,3/7/2025,13003115,342,USD,YI,-517.50,RE,7/25/2025,Invoice - Gross-VAT Rec Input RC
1234,2025,7,7/25/2025,3/21/2025,13003115,767,USD,YI,"-2,587.96",RE,7/25/2025,Invoice - Gross-VAT Rec Input RC
1234,2025,7,7/25/2025,5/7/2025,13003115,382,USD,YI,-517.50,RE,7/25/2025,Invoice - Gross-VAT Rec Input RC
1234,2025,7,7/25/2025,4/4/2025,13003115,477,USD,YI,-517.50,RE,7/25/2025,Invoice - Gross-VAT Rec Input RC
1234,2025,7,7/24/2025,6/30/2025,13003115,37,USD,YA,"2,093.00",KR,7/24/2025,Vendor Invoice-VAT Rec Input RC
1234,2025,7,7/9/2025,7/9/2025,13003115,799,USD,YI,51.98,RE,7/9/2025,Invoice - Gross-VAT Rec Input RC
1234,2025,7,7/3/2025,6/26/2025,13003115,266,GBP,YA,552.31,KR,7/3/2025,Vendor Invoice-VAT Rec Input RC
1234,2025,7,7/21/2025,7/18/2025,13003115,170,EUR,YA,211.23,KR,7/21/2025,Vendor Invoice-VAT Rec Input RC
1234,2025,7,7/18/2025,7/15/2025,13003115,381,GBP,YA,"3,079.13",RE,7/18/2025,Invoice - Gross-VAT Rec Input RC
1234,2025,7,7/23/2025,7/15/2025,13003115,187,USD,YA,96.43,RE,7/23/2025,Invoice - Gross-VAT Rec Input RC
1234,2025,7,7/16/2025,7/15/2025,13003115,429,USD,YA,"3,036.00",RE,7/16/2025,Invoice - Gross-VAT Rec Input RC
1234,2025,7,7/16/2025,7/15/2025,13003115,429,USD,YA,759.00,RE,7/16/2025,Invoice - Gross-VAT Rec Input RC
1234,2025,7,7/9/2025,7/9/2025,13003115,819,USD,YI,127.42,RE,7/9/2025,Invoice - Gross-VAT Rec Input RC
1234,2025,7,7/15/2025,6/30/2025,13003115,238,EUR,YA,"3,199.71",RE,7/15/2025,Invoice - Gross-VAT Rec Input RC
1234,2025,7,7/1/2025,6/30/2025,13003115,213,GBP,YA,"3,411.67",RE,7/1/2025,Invoice - Gross-VAT Rec Input RC
1234,2025,7,7/1/2025,6/30/2025,13003115,213,GBP,YA,"2,966.67",RE,7/1/2025,Invoice - Gross-VAT Rec Input RC
1234,2025,7,7/17/2025,7/15/2025,13003115,381,GBP,YA,"9,387.31",RE,7/17/2025,Invoice - Gross-VAT Rec Input RC
1234,2025,7,7/1/2025,7/1/2025,13003115,59,USD,YA,"1,661.52",RE,7/1/2025,Invoice - Gross-VAT Rec Input RC
1234,2025,7,7/10/2025,7/10/2025,13003115,185,EUR,,"-4,090,789.44",XE,8/1/2025,RC Clear June25A
1234,2025,7,7/10/2025,7/10/2025,13003115,185,USD,,"-1,050,116.82",XE,8/1/2025,RC Clear June25A
1234,2025,7,7/10/2025,7/10/2025,13003115,185,RON,,"-116,352.17",XE,8/1/2025,RC Clear June25A
1234,2025,7,7/10/2025,7/10/2025,13003115,185,GBP,,"-392,288.30",XE,8/1/2025,RC Clear June25A
1234,2025,7,7/10/2025,7/10/2025,13003115,271,USD,,"-3,661.25",XE,8/1/2025,RC Clear June25B
1234,2025,7,7/10/2025,7/10/2025,13003115,271,EUR,,-393.76,XE,8/1/2025,RC Clear June25B
1234,2025,7,7/10/2025,7/10/2025,13003115,271,GBP,,"-9,890.42",XE,8/1/2025,RC Clear June25B
1234,2025,7,7/28/2025,6/15/2025,13003115,782,GBP,YA,"-2,479.40",RE,7/28/2025,Invoice - Gross-VAT Rec Input RC
1234,2025,7,7/29/2025,6/15/2025,13003115,925,GBP,YA,"-2,052.73",RE,7/28/2025,Invoice - Gross-VAT Rec Input RC
1234,2025,7,7/28/2025,6/15/2025,13003115,782,GBP,YA,"-2,156.00",RE,7/28/2025,Invoice - Gross-VAT Rec Input RC
1234,2025,7,7/29/2025,6/15/2025,13003115,925,GBP,YA,"-1,784.99",RE,7/28/2025,Invoice - Gross-VAT Rec Input RC
1234,2025,7,7/18/2025,7/16/2025,13003115,638,USD,YI,920.00,RE,7/18/2025,Invoice - Gross-VAT Rec Input RC
1234,2025,7,7/9/2025,7/9/2025,13003115,778,USD,YI,"1,542.84",RE,7/9/2025,Invoice - Gross-VAT Rec Input RC
1234,2025,7,7/23/2025,7/23/2025,13003115,964,USD,YI,"2,070.00",RE,7/23/2025,Invoice - Gross-VAT Rec Input RC
1234,2025,7,7/1/2025,6/30/2025,13003115,4,EUR,YI,"2,242.43",RE,6/30/2025,Invoice - Gross-VAT Rec Input RC
1234,2025,7,7/1/2025,6/30/2025,13003115,4,EUR,YI,249.16,RE,6/30/2025,Invoice - Gross-VAT Rec Input RC
1234,2025,7,7/21/2025,5/12/2025,13003115,222,GBP,YA,"28,495.85",RE,7/21/2025,Invoice - Gross-VAT Rec Input RC
1234,2025,7,7/22/2025,7/15/2025,13003115,80,USD,YA,"9,599.28",RE,7/23/2025,Invoice - Gross-VAT Rec Input RC
1234,2025,7,7/21/2025,7/1/2025,13003115,126,GBP,YA,83.38,RE,7/21/2025,Invoice - Gross-VAT Rec Input RC
1234,2025,7,7/9/2025,7/9/2025,13003115,406,USD,YI,"1,954.84",RE,7/9/2025,Invoice - Gross-VAT Rec Input RC
1234,2025,7,7/9/2025,4/30/2025,13003115,220,USD,YA,657.11,RE,7/9/2025,Invoice - Gross-VAT Rec Input RC
1234,2025,7,7/20/2025,7/15/2025,13003115,412,GBP,YA,"2,484.00",RE,7/20/2025,Invoice - Gross-VAT Rec Input RC
1234,2025,7,7/9/2025,7/9/2025,13003115,259,USD,YI,211.14,RE,7/9/2025,Invoice - Gross-VAT Rec Input RC
1234,2025,7,7/8/2025,6/10/2025,13003115,712,USD,YI,"25,101.52",RE,7/8/2025,Invoice - Gross-VAT Rec Input RC
1234,2025,7,7/22/2025,7/9/2025,13003115,244,EUR,YI,"15,580.11",RE,7/22/2025,Invoice - Gross-VAT Rec Input RC
1234,2025,7,7/22/2025,7/15/2025,13003115,531,USD,YA,"3,968.90",RE,7/22/2025,Invoice - Gross-VAT Rec Input RC
1234,2025,7,7/1/2025,6/23/2025,13003115,501,EUR,YI,925.96,RE,6/30/2025,Invoice - Gross-VAT Rec Input RC
1234,2025,7,7/16/2025,7/15/2025,13003115,997,USD,YI,606.07,RE,7/16/2025,Invoice - Gross-VAT Rec Input RC
1234,2025,7,7/7/2025,6/19/2025,13003115,445,EUR,YA,195.50,RE,7/13/2025,Invoice - Gross-VAT Rec Input RC
1234,2025,7,7/9/2025,7/9/2025,13003115,306,USD,YI,51.98,RE,7/9/2025,Invoice - Gross-VAT Rec Input RC
1234,2025,7,7/21/2025,6/18/2025,13003115,601,EUR,YI,"2,273.79",RE,7/21/2025,Invoice - Gross-VAT Rec Input RC
1234,2025,7,7/16/2025,7/15/2025,13003115,724,USD,YA,"3,668.50",RE,7/16/2025,Invoice - Gross-VAT Rec Input RC
1234,2025,7,7/1/2025,7/1/2025,13003115,700,EUR,YI,"1,854.41",RE,7/4/2025,Invoice - Gross-VAT Rec Input RC
1234,2025,7,7/1/2025,7/1/2025,13003115,700,EUR,YI,206.05,RE,7/4/2025,Invoice - Gross-VAT Rec Input RC
1234,2025,7,7/9/2025,7/9/2025,13003115,452,USD,YI,771.42,RE,7/9/2025,Invoice - Gross-VAT Rec Input RC
1234,2025,7,7/24/2025,7/24/2025,13003115,629,USD,YA,"4,600.00",RE,7/25/2025,Invoice - Gross-VAT Rec Input RC
1234,2025,7,7/9/2025,7/9/2025,13003115,582,USD,YI,385.71,RE,7/9/2025,Invoice - Gross-VAT Rec Input RC
1234,2025,7,7/22/2025,7/15/2025,13003115,191,USD,YA,"12,412.43",RE,7/22/2025,Invoice - Gross-VAT Rec Input RC
1234,2025,7,7/16/2025,7/15/2025,13003115,557,USD,YI,"3,235.80",RE,7/16/2025,Invoice - Gross-VAT Rec Input RC
1234,2025,7,7/9/2025,7/9/2025,13003115,896,USD,YI,953.58,RE,7/9/2025,Invoice - Gross-VAT Rec Input RC
1234,2025,7,7/1/2025,6/26/2025,13003115,324,EUR,YI,"31,897.09",RE,7/1/2025,Invoice - Gross-VAT Rec Input RC
1234,2025,7,7/6/2025,7/1/2025,13003115,730,EUR,YI,"5,789.93",RE,7/6/2025,Invoice - Gross-VAT Rec Input RC
1234,2025,7,7/21/2025,7/21/2025,13003115,766,GBP,YA,"2,237.90",RE,7/21/2025,Invoice - Gross-VAT Rec Input RC
1234,2025,7,7/1/2025,6/30/2025,13003115,266,EUR,YI,"2,076.44",RE,6/30/2025,Invoice - Gross-VAT Rec Input RC
1234,2025,7,7/1/2025,6/30/2025,13003115,266,EUR,YI,519.11,RE,6/30/2025,Invoice - Gross-VAT Rec Input RC
1234,2025,7,7/16/2025,7/15/2025,13003115,286,USD,YI,385.71,RE,7/16/2025,Invoice - Gross-VAT Rec Input RC
1234,2025,7,7/9/2025,7/7/2025,13003115,981,USD,YA,"34,649.04",RE,7/9/2025,Invoice - Gross-VAT Rec Input RC
1234,2025,7,7/21/2025,7/17/2025,13003115,775,USD,YA,"4,740.53",RE,7/21/2025,Invoice - Gross-VAT Rec Input RC
1234,2025,7,7/15/2025,6/30/2025,13003115,733,EUR,YA,"8,551.11",RE,7/15/2025,Invoice - Gross-VAT Rec Input RC
1234,2025,7,7/27/2025,7/15/2025,13003115,523,GBP,YA,"2,302.67",RE,7/27/2025,Invoice - Gross-VAT Rec Input RC
1234,2025,7,7/27/2025,7/15/2025,13003115,523,GBP,YA,255.85,RE,7/27/2025,Invoice - Gross-VAT Rec Input RC
1234,2025,7,7/9/2025,7/9/2025,13003115,468,USD,YI,"1,299.27",RE,7/9/2025,Invoice - Gross-VAT Rec Input RC
1234,2025,7,7/9/2025,7/9/2025,13003115,304,USD,YI,"9,965.90",RE,7/9/2025,Invoice - Gross-VAT Rec Input RC
1234,2025,7,7/9/2025,7/9/2025,13003115,125,USD,YI,516.89,RE,7/9/2025,Invoice - Gross-VAT Rec Input RC
1234,2025,7,7/18/2025,6/12/2025,13003115,469,USD,YA,"17,025.75",RE,7/18/2025,Invoice - Gross-VAT Rec Input RC
1234,2025,7,7/2/2025,7/2/2025,13003115,870,USD,YA,"13,695.12",RE,7/2/2025,Invoice - Gross-VAT Rec Input RC
1234,2025,7,7/11/2025,7/11/2025,13003115,806,EUR,YI,"5,689.61",RE,7/11/2025,Invoice - Gross-VAT Rec Input RC
1234,2025,7,7/9/2025,7/9/2025,13003115,319,USD,YI,264.04,RE,7/9/2025,Invoice - Gross-VAT Rec Input RC
1234,2025,7,7/25/2025,7/15/2025,13003115,581,GBP,YA,"2,138.61",RE,7/25/2025,Invoice - Gross-VAT Rec Input RC
1234,2025,7,7/25/2025,7/15/2025,13003115,581,GBP,YA,568.49,RE,7/25/2025,Invoice - Gross-VAT Rec Input RC
1234,2025,7,7/15/2025,7/15/2025,13003115,664,USD,YA,"2,094.84",RE,7/15/2025,Invoice - Gross-VAT Rec Input RC
1234,2025,7,7/2/2025,4/28/2025,13003115,35,USD,YA,"8,280.00",RE,7/2/2025,Invoice - Gross-VAT Rec Input RC
1234,2025,7,7/9/2025,7/9/2025,13003115,172,USD,YI,316.71,RE,7/9/2025,Invoice - Gross-VAT Rec Input RC
1234,2025,7,7/16/2025,7/15/2025,13003115,704,EUR,YA,"2,252.57",RE,7/16/2025,Invoice - Gross-VAT Rec Input RC
1234,2025,7,7/16/2025,7/15/2025,13003115,600,USD,YI,332.58,RE,7/16/2025,Invoice - Gross-VAT Rec Input RC
1234,2025,7,7/23/2025,7/23/2025,13003115,963,USD,YI,"2,872.24",RE,7/23/2025,Invoice - Gross-VAT Rec Input RC
1234,2025,7,7/9/2025,7/9/2025,13003115,652,USD,YI,127.42,RE,7/9/2025,Invoice - Gross-VAT Rec Input RC
1234,2025,7,7/9/2025,7/9/2025,13003115,777,USD,YI,740.70,RE,7/9/2025,Invoice - Gross-VAT Rec Input RC
1234,2025,7,7/25/2025,7/31/2024,13003115,841,EUR,YI,"4,815.70",RE,7/25/2025,Invoice - Gross-VAT Rec Input RC
1234,2025,7,7/16/2025,7/15/2025,13003115,718,GBP,YA,"4,072.25",RE,7/16/2025,Invoice - Gross-VAT Rec Input RC
1234,2025,7,7/19/2025,7/1/2025,13003115,351,GBP,YA,"23,000.00",RE,7/19/2025,Invoice - Gross-VAT Rec Input RC
1234,2025,7,7/1/2025,6/1/2025,13003115,71,GBP,YI,"1,423.03",RE,7/1/2025,Invoice - Gross-VAT Rec Input RC
1234,2025,7,7/25/2025,7/23/2025,13003115,883,GBP,YA,"2,669.38",RE,7/25/2025,Invoice - Gross-VAT Rec Input RC
1234,2025,7,7/25/2025,5/13/2025,13003115,420,USD,YI,-517.50,RE,7/25/2025,Invoice - Gross-VAT Rec Input RC
1234,2025,7,7/25/2025,2/26/2025,13003115,614,USD,YI,-517.50,RE,7/25/2025,Invoice - Gross-VAT Rec Input RC
1234,2025,7,7/4/2025,5/26/2025,13003115,369,EUR,YI,"1,396.56",KR,7/4/2025,Vendor Invoice-VAT Rec Input RC
1234,2025,7,7/4/2025,6/18/2025,13003115,483,EUR,YI,202.14,KR,7/4/2025,Vendor Invoice-VAT Rec Input RC
1234,2025,7,7/22/2025,7/15/2025,13003115,252,USD,YA,"4,573.32",RE,7/22/2025,Invoice - Gross-VAT Rec Input RC
1234,2025,7,7/22/2025,7/15/2025,13003115,28,USD,YA,245.99,RE,7/22/2025,Invoice - Gross-VAT Rec Input RC
1234,2025,7,7/25/2025,7/15/2025,13003115,345,GBP,YA,"2,855.83",RE,7/25/2025,Invoice - Gross-VAT Rec Input RC
1234,2025,7,7/18/2025,7/15/2025,13003115,938,GBP,YA,"2,104.27",RE,7/18/2025,Invoice - Gross-VAT Rec Input RC
1234,2025,7,7/18/2025,7/15/2025,13003115,651,GBP,YA,"1,987.83",RE,7/18/2025,Invoice - Gross-VAT Rec Input RC
1234,2025,7,7/18/2025,7/15/2025,13003115,651,GBP,YA,528.41,RE,7/18/2025,Invoice - Gross-VAT Rec Input RC
1234,2025,7,7/18/2025,7/15/2025,13003115,908,GBP,YA,"2,875.00",RE,7/18/2025,Invoice - Gross-VAT Rec Input RC
1234,2025,7,7/15/2025,7/15/2025,13003115,972,USD,YA,"2,108.33",RE,7/15/2025,Invoice - Gross-VAT Rec Input RC
1234,2025,7,7/15/2025,7/15/2025,13003115,4,GBP,YA,"3,401.70",RE,7/15/2025,Invoice - Gross-VAT Rec Input RC
1234,2025,7,7/16/2025,7/15/2025,13003115,246,USD,YA,"3,066.59",RE,7/16/2025,Invoice - Gross-VAT Rec Input RC
1234,2025,7,7/16/2025,7/15/2025,13003115,710,USD,YI,"4,881.79",RE,7/16/2025,Invoice - Gross-VAT Rec Input RC
1234,2025,7,7/16/2025,7/15/2025,13003115,917,USD,YI,69.00,RE,7/16/2025,Invoice - Gross-VAT Rec Input RC
1234,2025,7,7/16/2025,7/15/2025,13003115,628,USD,YI,"1,271.44",RE,7/16/2025,Invoice - Gross-VAT Rec Input RC
1234,2025,7,7/16/2025,7/15/2025,13003115,67,USD,YI,794.65,RE,7/16/2025,Invoice - Gross-VAT Rec Input RC
1234,2025,7,7/16/2025,7/15/2025,13003115,16,USD,YI,103.96,RE,7/16/2025,Invoice - Gross-VAT Rec Input RC
1234,2025,7,7/16/2025,7/15/2025,13003115,789,USD,YI,415.84,RE,7/16/2025,Invoice - Gross-VAT Rec Input RC
1234,2025,7,7/16/2025,7/15/2025,13003115,464,USD,YI,415.84,RE,7/16/2025,Invoice - Gross-VAT Rec Input RC
1234,2025,7,7/16/2025,7/15/2025,13003115,569,USD,YI,207.92,RE,7/16/2025,Invoice - Gross-VAT Rec Input RC
1234,2025,7,7/16/2025,7/15/2025,13003115,850,USD,YI,953.58,RE,7/16/2025,Invoice - Gross-VAT Rec Input RC
1234,2025,7,7/16/2025,7/15/2025,13003115,524,USD,YI,"1,294.90",RE,7/16/2025,Invoice - Gross-VAT Rec Input RC
1234,2025,7,7/16/2025,7/15/2025,13003115,821,USD,YI,953.58,RE,7/16/2025,Invoice - Gross-VAT Rec Input RC
1234,2025,7,7/16/2025,7/15/2025,13003115,241,USD,YI,230.92,RE,7/16/2025,Invoice - Gross-VAT Rec Input RC
1234,2025,7,7/16/2025,7/15/2025,13003115,602,USD,YI,262.98,RE,7/16/2025,Invoice - Gross-VAT Rec Input RC
1234,2025,7,7/16/2025,7/15/2025,13003115,425,USD,YI,155.62,RE,7/16/2025,Invoice - Gross-VAT Rec Input RC
1234,2025,7,7/16/2025,7/15/2025,13003115,294,USD,YI,"3,338.60",RE,7/16/2025,Invoice - Gross-VAT Rec Input RC
1234,2025,7,7/16/2025,7/15/2025,13003115,910,USD,YI,"4,573.32",RE,7/16/2025,Invoice - Gross-VAT Rec Input RC
1234,2025,7,7/22/2025,7/22/2025,13003115,767,USD,YI,"2,062.41",RE,7/22/2025,Invoice - Gross-VAT Rec Input RC
1234,2025,7,7/24/2025,7/18/2025,13003115,123,USD,YA,"11,988.75",RE,7/24/2025,Invoice - Gross-VAT Rec Input RC
1234,2025,7,7/21/2025,5/1/2025,13003115,844,GBP,YI,"66,166.93",RE,7/21/2025,Invoice - Gross-VAT Rec Input RC
1234,2025,7,7/9/2025,7/9/2025,13003115,366,GBP,YA,"1,895.43",RE,7/9/2025,Invoice - Gross-VAT Rec Input RC
1234,2025,7,7/9/2025,7/9/2025,13003115,33,USD,YI,"11,989.21",RE,7/9/2025,Invoice - Gross-VAT Rec Input RC
1234,2025,7,7/9/2025,7/9/2025,13003115,218,USD,YI,953.58,RE,7/9/2025,Invoice - Gross-VAT Rec Input RC
1234,2025,7,7/9/2025,7/9/2025,13003115,495,USD,YI,185.95,RE,7/9/2025,Invoice - Gross-VAT Rec Input RC
1234,2025,7,7/9/2025,7/9/2025,13003115,613,USD,YI,51.98,RE,7/9/2025,Invoice - Gross-VAT Rec Input RC
1234,2025,7,7/9/2025,7/9/2025,13003115,1,USD,YI,51.98,RE,7/9/2025,Invoice - Gross-VAT Rec Input RC
1234,2025,7,7/9/2025,7/9/2025,13003115,489,USD,YI,333.15,RE,7/9/2025,Invoice - Gross-VAT Rec Input RC
1234,2025,7,7/9/2025,7/9/2025,13003115,124,USD,YI,"4,573.32",RE,7/9/2025,Invoice - Gross-VAT Rec Input RC
1234,2025,7,7/9/2025,7/9/2025,13003115,849,USD,YI,718.73,RE,7/9/2025,Invoice - Gross-VAT Rec Input RC
1234,2025,7,7/9/2025,7/9/2025,13003115,954,USD,YI,953.58,RE,7/9/2025,Invoice - Gross-VAT Rec Input RC
1234,2025,7,7/9/2025,7/9/2025,13003115,310,USD,YI,179.07,RE,7/9/2025,Invoice - Gross-VAT Rec Input RC
1234,2025,7,7/9/2025,7/9/2025,13003115,71,USD,YI,"2,323.81",RE,7/9/2025,Invoice - Gross-VAT Rec Input RC
1234,2025,7,7/9/2025,7/9/2025,13003115,307,USD,YI,207.92,RE,7/9/2025,Invoice - Gross-VAT Rec Input RC
1234,2025,7,7/9/2025,7/9/2025,13003115,650,USD,YI,287.39,RE,7/9/2025,Invoice - Gross-VAT Rec Input RC
1234,2025,7,7/9/2025,7/9/2025,13003115,377,USD,YI,"20,832.48",RE,7/9/2025,Invoice - Gross-VAT Rec Input RC
1234,2025,7,7/9/2025,7/9/2025,13003115,396,USD,YI,"4,839.82",RE,7/9/2025,Invoice - Gross-VAT Rec Input RC
1234,2025,7,7/9/2025,7/9/2025,13003115,167,USD,YI,207.92,RE,7/9/2025,Invoice - Gross-VAT Rec Input RC
1234,2025,7,7/9/2025,7/9/2025,13003115,79,USD,YI,953.58,RE,7/9/2025,Invoice - Gross-VAT Rec Input RC
1234,2025,7,7/9/2025,7/9/2025,13003115,916,USD,YI,51.98,RE,7/9/2025,Invoice - Gross-VAT Rec Input RC
1234,2025,7,7/9/2025,7/9/2025,13003115,667,USD,YI,207.92,RE,7/9/2025,Invoice - Gross-VAT Rec Input RC
1234,2025,7,7/22/2025,7/9/2025,13003115,98,EUR,YI,"6,438.16",RE,7/22/2025,Invoice - Gross-VAT Rec Input RC
1234,2025,7,7/28/2025,7/24/2025,13003115,474,GBP,YA,"1,150.00",RE,7/28/2025,Invoice - Gross-VAT Rec Input RC
1234,2025,7,7/18/2025,6/9/2025,13003115,312,EUR,YI,"151,785.85",RE,7/18/2025,Invoice - Gross-VAT Rec Input RC
1234,2025,7,7/18/2025,6/9/2025,13003115,312,EUR,YI,"16,865.10",RE,7/18/2025,Invoice - Gross-VAT Rec Input RC
1234,2025,7,7/18/2025,6/9/2025,13003115,312,EUR,YI,"14,885.37",RE,7/18/2025,Invoice - Gross-VAT Rec Input RC
1234,2025,7,7/18/2025,6/9/2025,13003115,312,EUR,YI,"7,967.64",RE,7/18/2025,Invoice - Gross-VAT Rec Input RC
1234,2025,7,7/18/2025,6/9/2025,13003115,312,EUR,YI,885.29,RE,7/18/2025,Invoice - Gross-VAT Rec Input RC
1234,2025,7,7/18/2025,6/9/2025,13003115,312,EUR,YI,637.95,RE,7/18/2025,Invoice - Gross-VAT Rec Input RC
1234,2025,7,7/18/2025,6/9/2025,13003115,312,EUR,YI,"5,741.56",RE,7/18/2025,Invoice - Gross-VAT Rec Input RC
1234,2025,7,7/18/2025,6/9/2025,13003115,312,EUR,YI,531.62,RE,7/18/2025,Invoice - Gross-VAT Rec Input RC
1234,2025,7,7/18/2025,6/9/2025,13003115,312,EUR,YI,"4,784.60",RE,7/18/2025,Invoice - Gross-VAT Rec Input RC
1234,2025,7,7/18/2025,6/9/2025,13003115,312,EUR,YI,399.99,RE,7/18/2025,Invoice - Gross-VAT Rec Input RC
1234,2025,7,7/18/2025,6/9/2025,13003115,312,EUR,YI,"3,599.94",RE,7/18/2025,Invoice - Gross-VAT Rec Input RC
1234,2025,7,7/8/2025,6/27/2025,13003115,91,GBP,YA,"9,847.04",RE,7/7/2025,Invoice - Gross-VAT Rec Input RC
1234,2025,7,7/8/2025,6/27/2025,13003115,91,GBP,YA,"4,475.92",RE,7/7/2025,Invoice - Gross-VAT Rec Input RC
1234,2025,7,7/8/2025,6/27/2025,13003115,91,GBP,YA,"9,309.93",RE,7/7/2025,Invoice - Gross-VAT Rec Input RC
1234,2025,7,7/25/2025,3/18/2025,13003115,399,USD,YI,"-1,552.50",RE,7/25/2025,Invoice - Gross-VAT Rec Input RC
1234,2025,7,7/25/2025,5/15/2025,13003115,636,USD,YI,"-1,293.75",RE,7/25/2025,Invoice - Gross-VAT Rec Input RC
1234,2025,7,7/25/2025,4/8/2025,13003115,478,USD,YI,-517.50,RE,7/25/2025,Invoice - Gross-VAT Rec Input RC
1234,2025,7,7/4/2025,6/30/2025,13003115,663,EUR,YI,"5,103.47",RE,7/4/2025,Invoice - Gross-VAT Rec Input RC
1234,2025,7,7/3/2025,6/12/2025,13003115,344,USD,YA,"2,093.00",KR,7/3/2025,Vendor Invoice-VAT Rec Input RC
1234,2025,7,7/16/2025,7/11/2025,13003115,843,USD,YI,"2,062.41",RE,7/16/2025,Invoice - Gross-VAT Rec Input RC
1234,2025,7,7/1/2025,6/30/2025,13003115,362,EUR,YI,"2,665.12",RE,6/30/2025,Invoice - Gross-VAT Rec Input RC
1234,2025,7,7/1/2025,6/30/2025,13003115,362,EUR,YI,296.13,RE,6/30/2025,Invoice - Gross-VAT Rec Input RC
1234,2025,7,7/14/2025,6/24/2025,13003115,753,USD,YA,"6,900.00",RE,7/14/2025,Invoice - Gross-VAT Rec Input RC
1234,2025,7,7/16/2025,7/15/2025,13003115,69,USD,YI,"4,067.90",RE,7/16/2025,Invoice - Gross-VAT Rec Input RC
1234,2025,7,7/1/2025,6/26/2025,13003115,133,EUR,YI,"2,371.30",RE,7/1/2025,Invoice - Gross-VAT Rec Input RC
1234,2025,7,7/3/2025,7/1/2025,13003115,693,USD,YI,"1,380.00",RE,7/3/2025,Invoice - Gross-VAT Rec Input RC
1234,2025,7,7/9/2025,7/9/2025,13003115,204,USD,YI,"1,157.13",RE,7/9/2025,Invoice - Gross-VAT Rec Input RC
1234,2025,7,7/9/2025,7/9/2025,13003115,291,USD,YI,953.58,RE,7/9/2025,Invoice - Gross-VAT Rec Input RC
1234,2025,7,7/9/2025,7/9/2025,13003115,811,USD,YI,416.65,RE,7/9/2025,Invoice - Gross-VAT Rec Input RC
1234,2025,7,7/16/2025,7/15/2025,13003115,455,USD,YI,953.58,RE,7/16/2025,Invoice - Gross-VAT Rec Input RC
1234,2025,7,7/3/2025,7/3/2025,13003115,614,EUR,YI,"2,273.89",RE,7/3/2025,Invoice - Gross-VAT Rec Input RC
1234,2025,7,7/3/2025,7/3/2025,13003115,614,EUR,YI,252.66,RE,7/3/2025,Invoice - Gross-VAT Rec Input RC
1234,2025,7,7/21/2025,5/14/2025,13003115,193,GBP,YA,"35,318.80",RE,7/21/2025,Invoice - Gross-VAT Rec Input RC
1234,2025,7,7/1/2025,5/31/2025,13003115,375,USD,YA,"1,725.00",RE,6/30/2025,Invoice - Gross-VAT Rec Input RC
1234,2025,7,7/1/2025,6/25/2025,13003115,586,EUR,YA,"21,380.80",RE,7/1/2025,Invoice - Gross-VAT Rec Input RC
1234,2025,7,7/1/2025,6/25/2025,13003115,586,EUR,YA,"5,345.20",RE,7/1/2025,Invoice - Gross-VAT Rec Input RC
1234,2025,7,7/15/2025,6/30/2025,13003115,904,EUR,YA,"1,142.48",RE,7/15/2025,Invoice - Gross-VAT Rec Input RC
1234,2025,7,7/15/2025,6/30/2025,13003115,904,EUR,YA,"1,362.97",RE,7/15/2025,Invoice - Gross-VAT Rec Input RC
1234,2025,7,7/18/2025,7/15/2025,13003115,69,GBP,YA,"2,757.70",RE,7/18/2025,Invoice - Gross-VAT Rec Input RC
1234,2025,7,7/15/2025,7/15/2025,13003115,870,GBP,YA,"2,121.59",RE,7/25/2025,Invoice - Gross-VAT Rec Input RC
1234,2025,7,7/15/2025,7/15/2025,13003115,870,GBP,YA,563.97,RE,7/25/2025,Invoice - Gross-VAT Rec Input RC
1234,2025,7,7/1/2025,6/11/2025,13003115,91,GBP,YI,70.11,RE,7/1/2025,Invoice - Gross-VAT Rec Input RC
1234,2025,7,7/16/2025,7/15/2025,13003115,685,USD,YI,242.78,RE,7/16/2025,Invoice - Gross-VAT Rec Input RC
1234,2025,7,7/1/2025,6/29/2025,13003115,680,GBP,YA,230.00,RE,7/1/2025,Invoice - Gross-VAT Rec Input RC
1234,2025,7,7/16/2025,7/15/2025,13003115,910,USD,YI,51.65,RE,7/16/2025,Invoice - Gross-VAT Rec Input RC
1234,2025,7,7/20/2025,7/15/2025,13003115,119,GBP,YA,"1,909.74",RE,7/20/2025,Invoice - Gross-VAT Rec Input RC
1234,2025,7,7/20/2025,7/15/2025,13003115,119,GBP,YA,477.43,RE,7/20/2025,Invoice - Gross-VAT Rec Input RC
1234,2025,7,7/1/2025,8/9/2024,13003115,222,GBP,YA,306.70,RE,7/3/2025,Invoice - Gross-VAT Rec Input RC
1234,2025,7,7/9/2025,6/3/2025,13003115,845,USD,YA,"2,645.00",RE,7/9/2025,Invoice - Gross-VAT Rec Input RC
1234,2025,7,7/16/2025,7/15/2025,13003115,186,EUR,YA,"2,797.57",RE,7/16/2025,Invoice - Gross-VAT Rec Input RC
1234,2025,7,7/1/2025,6/20/2025,13003115,512,GBP,YI,468.45,RE,7/1/2025,Invoice - Gross-VAT Rec Input RC
1234,2025,7,7/1/2025,6/30/2025,13003115,966,EUR,YI,"1,656.00",RE,7/3/2025,Invoice - Gross-VAT Rec Input RC
1234,2025,7,7/17/2025,7/15/2025,13003115,477,EUR,YI,"1,725.00",RE,7/17/2025,Invoice - Gross-VAT Rec Input RC
1234,2025,7,7/17/2025,7/15/2025,13003115,477,EUR,YI,"6,900.00",RE,7/17/2025,Invoice - Gross-VAT Rec Input RC
1234,2025,7,7/18/2025,7/15/2025,13003115,324,EUR,YI,201.25,RE,7/18/2025,Invoice - Gross-VAT Rec Input RC
1234,2025,7,7/16/2025,6/12/2025,13003115,20,USD,YA,"13,381.98",RE,7/16/2025,Invoice - Gross-VAT Rec Input RC
1234,2025,7,7/1/2025,6/20/2025,13003115,739,GBP,YI,575.65,RE,7/1/2025,Invoice - Gross-VAT Rec Input RC
1234,2025,7,7/15/2025,7/15/2025,13003115,125,GBP,YA,"18,011.76",RE,7/15/2025,Invoice - Gross-VAT Rec Input RC
1234,2025,7,7/16/2025,7/15/2025,13003115,376,USD,YI,650.85,RE,7/16/2025,Invoice - Gross-VAT Rec Input RC
1234,2025,7,7/1/2025,6/30/2025,13003115,677,EUR,YI,"2,242.43",RE,6/30/2025,Invoice - Gross-VAT Rec Input RC
1234,2025,7,7/1/2025,6/30/2025,13003115,677,EUR,YI,249.16,RE,6/30/2025,Invoice - Gross-VAT Rec Input RC
1234,2025,7,7/9/2025,7/1/2025,13003115,663,EUR,YI,"38,520.99",RE,7/9/2025,Invoice - Gross-VAT Rec Input RC
1234,2025,7,7/22/2025,7/9/2025,13003115,109,EUR,YI,"26,132.34",RE,7/22/2025,Invoice - Gross-VAT Rec Input RC
1234,2025,7,7/1/2025,4/30/2025,13003115,62,USD,YA,"1,587.00",RE,7/9/2025,Invoice - Gross-VAT Rec Input RC
1234,2025,7,7/1/2025,6/24/2025,13003115,791,USD,YA,57.50,RE,7/8/2025,Invoice - Gross-VAT Rec Input RC
1234,2025,7,7/16/2025,7/15/2025,13003115,823,USD,YA,"3,833.41",RE,7/16/2025,Invoice - Gross-VAT Rec Input RC
1234,2025,7,7/22/2025,7/15/2025,13003115,497,USD,YA,"4,573.32",RE,7/22/2025,Invoice - Gross-VAT Rec Input RC
1234,2025,7,7/9/2025,7/9/2025,13003115,111,USD,YI,784.07,RE,7/9/2025,Invoice - Gross-VAT Rec Input RC
1234,2025,7,7/9/2025,7/9/2025,13003115,622,USD,YI,945.04,RE,7/9/2025,Invoice - Gross-VAT Rec Input RC
1234,2025,7,7/22/2025,7/9/2025,13003115,491,EUR,YI,"18,958.10",RE,7/22/2025,Invoice - Gross-VAT Rec Input RC
1234,2025,7,7/9/2025,7/9/2025,13003115,496,USD,YI,"1,223.76",RE,7/9/2025,Invoice - Gross-VAT Rec Input RC
1234,2025,7,7/24/2025,7/14/2025,13003115,708,EUR,YI,"18,632.30",RE,7/24/2025,Invoice - Gross-VAT Rec Input RC
1234,2025,7,7/24/2025,7/14/2025,13003115,708,EUR,YI,"4,979.50",RE,7/24/2025,Invoice - Gross-VAT Rec Input RC
1234,2025,7,7/9/2025,7/9/2025,13003115,123,EUR,YI,"8,506.09",RE,7/9/2025,Invoice - Gross-VAT Rec Input RC
1234,2025,7,7/22/2025,7/15/2025,13003115,430,USD,YA,382.26,RE,7/22/2025,Invoice - Gross-VAT Rec Input RC
1234,2025,7,7/16/2025,7/15/2025,13003115,317,USD,YI,474.50,RE,7/16/2025,Invoice - Gross-VAT Rec Input RC
1234,2025,7,7/9/2025,7/9/2025,13003115,105,USD,YI,115.36,RE,7/9/2025,Invoice - Gross-VAT Rec Input RC
1234,2025,7,7/23/2025,7/15/2025,13003115,24,USD,YA,"2,256.81",RE,7/23/2025,Invoice - Gross-VAT Rec Input RC
1234,2025,7,7/16/2025,7/15/2025,13003115,465,USD,YI,953.58,RE,7/16/2025,Invoice - Gross-VAT Rec Input RC
1234,2025,7,7/16/2025,7/15/2025,13003115,205,USD,YI,667.46,RE,7/16/2025,Invoice - Gross-VAT Rec Input RC
1234,2025,7,7/9/2025,7/9/2025,13003115,889,USD,YI,"16,452.66",RE,7/9/2025,Invoice - Gross-VAT Rec Input RC
1234,2025,7,7/15/2025,7/15/2025,13003115,143,GBP,YA,"1,821.60",RE,7/20/2025,Invoice - Gross-VAT Rec Input RC
1234,2025,7,7/15/2025,7/15/2025,13003115,143,GBP,YA,455.40,RE,7/20/2025,Invoice - Gross-VAT Rec Input RC
1234,2025,7,7/14/2025,7/10/2025,13003115,18,EUR,YI,"42,675.40",RE,7/14/2025,Invoice - Gross-VAT Rec Input RC
1234,2025,7,7/18/2025,7/15/2025,13003115,124,GBP,YA,"2,200.02",RE,7/18/2025,Invoice - Gross-VAT Rec Input RC
1234,2025,7,7/18/2025,7/15/2025,13003115,124,GBP,YA,584.82,RE,7/18/2025,Invoice - Gross-VAT Rec Input RC
1234,2025,7,7/1/2025,5/31/2025,13003115,299,USD,YA,"3,312.00",RE,6/30/2025,Invoice - Gross-VAT Rec Input RC
1234,2025,7,7/14/2025,7/9/2025,13003115,68,USD,YI,517.50,RE,7/14/2025,Invoice - Gross-VAT Rec Input RC
1234,2025,7,7/1/2025,6/5/2025,13003115,753,GBP,YA,"2,200.02",RE,7/9/2025,Invoice - Gross-VAT Rec Input RC
1234,2025,7,7/1/2025,6/5/2025,13003115,753,GBP,YA,584.82,RE,7/9/2025,Invoice - Gross-VAT Rec Input RC
1234,2025,7,7/22/2025,7/15/2025,13003115,529,USD,YA,539.94,RE,7/22/2025,Invoice - Gross-VAT Rec Input RC
1234,2025,7,7/7/2025,7/3/2025,13003115,234,GBP,YA,"14,225.27",RE,7/7/2025,Invoice - Gross-VAT Rec Input RC
1234,2025,7,7/9/2025,6/15/2025,13003115,225,GBP,YA,"2,200.02",RE,7/9/2025,Invoice - Gross-VAT Rec Input RC
1234,2025,7,7/9/2025,6/15/2025,13003115,225,GBP,YA,584.82,RE,7/9/2025,Invoice - Gross-VAT Rec Input RC
1234,2025,7,7/1/2025,6/18/2025,13003115,824,EUR,YI,221.82,RE,6/28/2025,Invoice - Gross-VAT Rec Input RC
1234,2025,7,7/1/2025,6/20/2025,13003115,787,GBP,YI,"1,372.32",RE,7/1/2025,Invoice - Gross-VAT Rec Input RC
1234,2025,7,7/14/2025,6/24/2025,13003115,267,USD,YA,"9,200.00",RE,7/14/2025,Invoice - Gross-VAT Rec Input RC
1234,2025,7,7/16/2025,7/15/2025,13003115,943,USD,YI,953.58,RE,7/16/2025,Invoice - Gross-VAT Rec Input RC
1234,2025,7,7/23/2025,7/15/2025,13003115,489,USD,YA,26.45,RE,7/23/2025,Invoice - Gross-VAT Rec Input RC
1234,2025,7,7/9/2025,7/9/2025,13003115,26,USD,YI,784.07,RE,7/9/2025,Invoice - Gross-VAT Rec Input RC
1234,2025,7,7/22/2025,7/15/2025,13003115,72,USD,YA,"6,279.00",RE,7/22/2025,Invoice - Gross-VAT Rec Input RC
1234,2025,7,7/21/2025,6/12/2025,13003115,315,GBP,YA,750.38,RE,7/21/2025,Invoice - Gross-VAT Rec Input RC
1234,2025,7,7/22/2025,7/15/2025,13003115,982,USD,YA,"6,932.97",RE,7/23/2025,Invoice - Gross-VAT Rec Input RC
1234,2025,7,7/21/2025,5/1/2025,13003115,668,GBP,YI,"24,498.31",RE,7/21/2025,Invoice - Gross-VAT Rec Input RC
1234,2025,7,7/1/2025,7/1/2025,13003115,172,GBP,YA,"8,855.92",RE,7/1/2025,Invoice - Gross-VAT Rec Input RC
1234,2025,7,7/21/2025,7/1/2025,13003115,542,USD,YA,"22,770.00",RE,7/21/2025,Invoice - Gross-VAT Rec Input RC
1234,2025,7,7/3/2025,6/23/2025,13003115,638,USD,YA,"22,770.00",RE,7/3/2025,Invoice - Gross-VAT Rec Input RC
1234,2025,7,7/9/2025,7/9/2025,13003115,426,USD,YI,207.92,RE,7/9/2025,Invoice - Gross-VAT Rec Input RC
1234,2025,7,7/7/2025,7/7/2025,13003115,773,EUR,YI,"3,464.72",RE,7/7/2025,Invoice - Gross-VAT Rec Input RC
1234,2025,7,7/7/2025,7/7/2025,13003115,773,EUR,YI,25.30,RE,7/7/2025,Invoice - Gross-VAT Rec Input RC
1234,2025,7,7/14/2025,7/7/2025,13003115,968,EUR,YI,402.50,RE,7/14/2025,Invoice - Gross-VAT Rec Input RC
1234,2025,7,7/22/2025,7/15/2025,13003115,221,USD,YA,154.08,RE,7/22/2025,Invoice - Gross-VAT Rec Input RC
1234,2025,7,7/25/2025,7/24/2025,13003115,309,GBP,YA,"1,074.19",RE,7/25/2025,Invoice - Gross-VAT Rec Input RC
1234,2025,7,7/25/2025,7/24/2025,13003115,309,GBP,YA,716.13,RE,7/25/2025,Invoice - Gross-VAT Rec Input RC
1234,2025,7,7/16/2025,7/15/2025,13003115,803,GBP,YA,"1,974.17",RE,7/16/2025,Invoice - Gross-VAT Rec Input RC
1234,2025,7,7/29/2025,7/29/2025,13003115,204,EUR,YI,67.66,RE,7/29/2025,Invoice - Gross-VAT Rec Input RC
1234,2025,7,7/29/2025,7/29/2025,13003115,204,EUR,YI,7.52,RE,7/29/2025,Invoice - Gross-VAT Rec Input RC
1234,2025,7,7/9/2025,7/9/2025,13003115,277,USD,YI,"4,573.32",RE,7/9/2025,Invoice - Gross-VAT Rec Input RC
1234,2025,7,7/28/2025,7/25/2025,13003115,49,EUR,YI,"5,520.00",RE,7/28/2025,Invoice - Gross-VAT Rec Input RC
1234,2025,7,7/23/2025,7/23/2025,13003115,933,USD,YI,"2,070.00",RE,7/23/2025,Invoice - Gross-VAT Rec Input RC
1234,2025,7,7/22/2025,7/15/2025,13003115,569,USD,YA,"2,669.38",RE,7/22/2025,Invoice - Gross-VAT Rec Input RC
1234,2025,7,7/9/2025,7/9/2025,13003115,144,USD,YI,953.58,RE,7/9/2025,Invoice - Gross-VAT Rec Input RC
1234,2025,7,7/1/2025,4/30/2025,13003115,421,USD,YA,"1,150.00",RE,6/30/2025,Invoice - Gross-VAT Rec Input RC
1234,2025,7,7/1/2025,8/12/2024,13003115,506,GBP,YA,263.38,RE,7/3/2025,Invoice - Gross-VAT Rec Input RC
1234,2025,7,7/13/2025,4/23/2025,13003115,588,EUR,YI,15.03,RE,7/13/2025,Invoice - Gross-VAT Rec Input RC
1234,2025,7,7/13/2025,4/23/2025,13003115,588,EUR,YI,15.03,RE,7/13/2025,Invoice - Gross-VAT Rec Input RC
1234,2025,7,7/25/2025,7/23/2025,13003115,920,EUR,YI,"3,198.92",RE,7/25/2025,Invoice - Gross-VAT Rec Input RC
1234,2025,7,7/18/2025,7/14/2025,13003115,117,USD,YA,811.44,RE,7/18/2025,Invoice - Gross-VAT Rec Input RC
1234,2025,7,7/16/2025,7/11/2025,13003115,811,USD,YI,"2,062.41",RE,7/16/2025,Invoice - Gross-VAT Rec Input RC
1234,2025,7,7/21/2025,7/11/2025,13003115,434,USD,YA,"9,200.00",RE,7/21/2025,Invoice - Gross-VAT Rec Input RC
1234,2025,7,7/11/2025,7/11/2025,13003115,308,EUR,YI,"5,267.82",RE,7/11/2025,Invoice - Gross-VAT Rec Input RC
1234,2025,7,7/11/2025,7/11/2025,13003115,191,EUR,YI,"1,828.58",RE,7/11/2025,Invoice - Gross-VAT Rec Input RC
1234,2025,7,7/11/2025,7/11/2025,13003115,48,EUR,YI,"1,858.48",RE,7/11/2025,Invoice - Gross-VAT Rec Input RC
1234,2025,7,7/11/2025,7/11/2025,13003115,995,EUR,YI,"1,828.58",RE,7/11/2025,Invoice - Gross-VAT Rec Input RC
1234,2025,7,7/14/2025,7/11/2025,13003115,737,USD,YA,"406,987.84",RE,7/14/2025,Invoice - Gross-VAT Rec Input RC
1234,2025,7,7/14/2025,7/11/2025,13003115,621,USD,YI,"2,062.41",RE,7/14/2025,Invoice - Gross-VAT Rec Input RC
1234,2025,7,7/18/2025,7/11/2025,13003115,701,GBP,YA,"8,056.60",RE,7/18/2025,Invoice - Gross-VAT Rec Input RC
1234,2025,7,7/22/2025,7/11/2025,13003115,753,USD,YA,"1,104.00",RE,7/22/2025,Invoice - Gross-VAT Rec Input RC
1234,2025,7,7/12/2025,7/11/2025,13003115,607,USD,YA,"2,760.00",RE,7/12/2025,Invoice - Gross-VAT Rec Input RC
1234,2025,7,7/12/2025,7/11/2025,13003115,607,USD,YA,306.67,RE,7/12/2025,Invoice - Gross-VAT Rec Input RC
1234,2025,7,7/1/2025,7/1/2025,13003115,175,EUR,YI,"1,100.20",RE,7/1/2025,Invoice - Gross-VAT Rec Input RC
1234,2025,7,7/1/2025,7/1/2025,13003115,175,EUR,YI,275.05,RE,7/1/2025,Invoice - Gross-VAT Rec Input RC
1234,2025,7,7/1/2025,7/1/2025,13003115,729,EUR,YI,"1,771.23",RE,7/1/2025,Invoice - Gross-VAT Rec Input RC
1234,2025,7,7/1/2025,7/1/2025,13003115,729,EUR,YI,442.81,RE,7/1/2025,Invoice - Gross-VAT Rec Input RC
1234,2025,7,7/1/2025,7/1/2025,13003115,729,EUR,YI,7.39,RE,7/1/2025,Invoice - Gross-VAT Rec Input RC
1234,2025,7,7/1/2025,7/1/2025,13003115,729,EUR,YI,406.61,RE,7/1/2025,Invoice - Gross-VAT Rec Input RC
1234,2025,7,7/25/2025,7/1/2025,13003115,728,USD,YA,373.75,RE,7/25/2025,Invoice - Gross-VAT Rec Input RC
1234,2025,7,7/4/2025,7/1/2025,13003115,779,EUR,YI,"2,060.46",RE,7/4/2025,Invoice - Gross-VAT Rec Input RC
1234,2025,7,7/25/2025,8/14/2024,13003115,623,EUR,YI,"6,529.02",RE,7/25/2025,Invoice - Gross-VAT Rec Input RC
1234,2025,7,7/1/2025,6/3/2025,13003115,168,USD,YA,17.63,RE,7/4/2025,Invoice - Gross-VAT Rec Input RC
1234,2025,7,7/1/2025,6/3/2025,13003115,168,USD,YA,5.75,RE,7/4/2025,Invoice - Gross-VAT Rec Input RC
1234,2025,7,7/1/2025,5/6/2025,13003115,578,GBP,YA,"7,820.00",RE,6/29/2025,Invoice - Gross-VAT Rec Input RC
1234,2025,7,7/6/2025,7/2/2025,13003115,690,EUR,YI,"1,610.00",RE,7/6/2025,Invoice - Gross-VAT Rec Input RC
1234,2025,7,7/6/2025,7/2/2025,13003115,690,EUR,YI,"1,540.00",RE,7/6/2025,Invoice - Gross-VAT Rec Input RC
1234,2025,7,7/17/2025,7/17/2025,13003115,298,EUR,YI,"12,024.23",RE,7/17/2025,Invoice - Gross-VAT Rec Input RC
1234,2025,7,7/17/2025,7/17/2025,13003115,298,EUR,YI,"1,336.02",RE,7/17/2025,Invoice - Gross-VAT Rec Input RC
1234,2025,7,7/27/2025,7/17/2025,13003115,279,GBP,YA,"2,760.00",RE,7/27/2025,Invoice - Gross-VAT Rec Input RC
1234,2025,7,7/1/2025,6/16/2025,13003115,327,USD,YI,"1,380.00",RE,6/30/2025,Invoice - Gross-VAT Rec Input RC
1234,2025,7,7/29/2025,7/29/2025,13003115,585,USD,YA,"4,733.40",RE,7/29/2025,Invoice - Gross-VAT Rec Input RC
1234,2025,7,7/25/2025,7/21/2025,13003115,147,USD,YA,"3,638.14",RE,7/25/2025,Invoice - Gross-VAT Rec Input RC
1234,2025,7,7/23/2025,7/15/2025,13003115,311,USD,YA,"3,273.96",RE,7/23/2025,Invoice - Gross-VAT Rec Input RC
1234,2025,7,7/15/2025,6/30/2025,13003115,322,EUR,YA,"9,919.28",RE,7/15/2025,Invoice - Gross-VAT Rec Input RC
1234,2025,7,7/21/2025,7/21/2025,13003115,402,GBP,YA,"6,411.99",RE,7/21/2025,Invoice - Gross-VAT Rec Input RC
1234,2025,7,7/4/2025,7/1/2025,13003115,732,USD,YA,293.51,RE,7/4/2025,Invoice - Gross-VAT Rec Input RC
1234,2025,7,7/7/2025,6/5/2025,13003115,354,GBP,YA,303.45,RE,7/7/2025,Invoice - Gross-VAT Rec Input RC
1234,2025,7,7/7/2025,6/5/2025,13003115,354,GBP,YA,80.67,RE,7/7/2025,Invoice - Gross-VAT Rec Input RC
1234,2025,7,7/16/2025,7/15/2025,13003115,752,USD,YA,"5,060.00",RE,7/16/2025,Invoice - Gross-VAT Rec Input RC
1234,2025,7,7/9/2025,7/9/2025,13003115,774,USD,YI,835.76,RE,7/9/2025,Invoice - Gross-VAT Rec Input RC
1234,2025,7,7/23/2025,7/22/2025,13003115,48,GBP,YA,"9,108.00",RE,7/23/2025,Invoice - Gross-VAT Rec Input RC
1234,2025,7,7/23/2025,7/22/2025,13003115,48,GBP,YA,"1,012.00",RE,7/23/2025,Invoice - Gross-VAT Rec Input RC
1234,2025,7,7/23/2025,7/22/2025,13003115,48,GBP,YA,"9,108.00",RE,7/23/2025,Invoice - Gross-VAT Rec Input RC
1234,2025,7,7/23/2025,7/22/2025,13003115,48,GBP,YA,"1,012.00",RE,7/23/2025,Invoice - Gross-VAT Rec Input RC
1234,2025,7,7/1/2025,6/30/2025,13003115,493,USD,YA,"13,800.00",RE,6/30/2025,Invoice - Gross-VAT Rec Input RC
1234,2025,7,7/18/2025,7/16/2025,13003115,460,USD,YA,276.00,RE,7/29/2025,Invoice - Gross-VAT Rec Input RC
1234,2025,7,7/18/2025,7/16/2025,13003115,460,USD,YA,216.00,RE,7/29/2025,Invoice - Gross-VAT Rec Input RC
1234,2025,7,7/9/2025,7/9/2025,13003115,492,USD,YI,"2,399.82",RE,7/9/2025,Invoice - Gross-VAT Rec Input RC
1234,2025,7,7/18/2025,7/9/2025,13003115,674,EUR,YI,402.50,RE,7/18/2025,Invoice - Gross-VAT Rec Input RC
1234,2025,7,7/8/2025,7/7/2025,13003115,666,EUR,YI,"5,302.94",RE,7/8/2025,Invoice - Gross-VAT Rec Input RC
1234,2025,7,7/21/2025,7/15/2025,13003115,851,EUR,YA,"1,640.81",RE,7/21/2025,Invoice - Gross-VAT Rec Input RC
1234,2025,7,7/21/2025,7/15/2025,13003115,851,EUR,YA,436.17,RE,7/21/2025,Invoice - Gross-VAT Rec Input RC
1234,2025,7,7/16/2025,7/15/2025,13003115,483,USD,YI,"4,573.32",RE,7/16/2025,Invoice - Gross-VAT Rec Input RC
1234,2025,7,7/16/2025,7/15/2025,13003115,511,USD,YI,148.09,RE,7/16/2025,Invoice - Gross-VAT Rec Input RC
1234,2025,7,7/16/2025,7/15/2025,13003115,210,USD,YI,115.37,RE,7/16/2025,Invoice - Gross-VAT Rec Input RC
1234,2025,7,7/1/2025,6/23/2025,13003115,407,EUR,YI,218.50,RE,6/30/2025,Invoice - Gross-VAT Rec Input RC
1234,2025,7,7/1/2025,6/30/2025,13003115,68,GBP,YA,"2,685.48",RE,6/30/2025,Invoice - Gross-VAT Rec Input RC
1234,2025,7,7/15/2025,7/15/2025,13003115,282,USD,YA,"1,656.00",RE,7/15/2025,Invoice - Gross-VAT Rec Input RC
1234,2025,7,7/16/2025,7/15/2025,13003115,67,GBP,YA,"2,387.17",RE,7/16/2025,Invoice - Gross-VAT Rec Input RC
1234,2025,7,7/3/2025,7/1/2025,13003115,693,USD,YI,"1,380.00",RE,7/3/2025,Invoice - Gross-VAT Rec Input RC
1234,2025,7,7/9/2025,6/12/2025,13003115,779,USD,YA,"1,058.00",RE,7/9/2025,Invoice - Gross-VAT Rec Input RC
1234,2025,7,7/21/2025,6/11/2025,13003115,61,GBP,YA,"18,462.10",RE,7/21/2025,Invoice - Gross-VAT Rec Input RC
1234,2025,7,7/9/2025,7/9/2025,13003115,18,USD,YI,"2,205.87",RE,7/9/2025,Invoice - Gross-VAT Rec Input RC
1234,2025,7,7/16/2025,7/15/2025,13003115,769,GBP,YA,"2,300.00",RE,7/16/2025,Invoice - Gross-VAT Rec Input RC
1234,2025,7,7/16/2025,7/15/2025,13003115,546,USD,YI,"5,267.00",RE,7/16/2025,Invoice - Gross-VAT Rec Input RC
1234,2025,7,7/14/2025,6/30/2025,13003115,300,EUR,YI,"2,530.00",RE,7/14/2025,Invoice - Gross-VAT Rec Input RC
1234,2025,7,7/14/2025,6/30/2025,13003115,300,EUR,YI,"2,200.00",RE,7/14/2025,Invoice - Gross-VAT Rec Input RC
1234,2025,7,7/14/2025,7/8/2025,13003115,116,USD,YI,"1,380.00",RE,7/14/2025,Invoice - Gross-VAT Rec Input RC
1234,2025,7,7/16/2025,7/15/2025,13003115,604,USD,YI,87.40,RE,7/16/2025,Invoice - Gross-VAT Rec Input RC
1234,2025,7,7/9/2025,7/9/2025,13003115,388,USD,YI,606.07,RE,7/9/2025,Invoice - Gross-VAT Rec Input RC
1234,2025,7,7/9/2025,7/9/2025,13003115,244,USD,YI,"1,554.46",RE,7/9/2025,Invoice - Gross-VAT Rec Input RC
1234,2025,7,7/22/2025,7/15/2025,13003115,697,USD,YA,499.25,RE,7/22/2025,Invoice - Gross-VAT Rec Input RC
1234,2025,7,7/23/2025,7/15/2025,13003115,429,USD,YA,460.90,RE,7/23/2025,Invoice - Gross-VAT Rec Input RC
1234,2025,7,7/1/2025,11/11/2024,13003115,73,GBP,YA,270.74,RE,7/3/2025,Invoice - Gross-VAT Rec Input RC
1234,2025,7,7/9/2025,7/9/2025,13003115,141,USD,YI,771.42,RE,7/9/2025,Invoice - Gross-VAT Rec Input RC
1234,2025,7,7/14/2025,7/14/2025,13003115,952,GBP,YA,"2,484.00",RE,7/14/2025,Invoice - Gross-VAT Rec Input RC
1234,2025,7,7/23/2025,7/22/2025,13003115,974,EUR,YI,"4,312.50",RE,7/23/2025,Invoice - Gross-VAT Rec Input RC
1234,2025,7,7/1/2025,6/30/2025,13003115,373,USD,YA,"22,724.00",RE,6/30/2025,Invoice - Gross-VAT Rec Input RC
1234,2025,7,7/1/2025,6/30/2025,13003115,365,USD,YI,517.50,RE,6/30/2025,Invoice - Gross-VAT Rec Input RC
1234,2025,7,7/1/2025,6/30/2025,13003115,89,GBP,YA,"5,960.68",RE,7/18/2025,Invoice - Gross-VAT Rec Input RC
1234,2025,7,7/1/2025,6/30/2025,13003115,89,GBP,YA,"5,371.08",RE,7/18/2025,Invoice - Gross-VAT Rec Input RC
1234,2025,7,7/3/2025,6/30/2025,13003115,165,GBP,YA,"4,475.93",RE,7/3/2025,Invoice - Gross-VAT Rec Input RC
1234,2025,7,7/22/2025,6/30/2025,13003115,666,EUR,YI,162.15,RE,7/22/2025,Invoice - Gross-VAT Rec Input RC
1234,2025,7,7/22/2025,6/30/2025,13003115,666,EUR,YI,"1,459.35",RE,7/22/2025,Invoice - Gross-VAT Rec Input RC
1234,2025,7,7/15/2025,6/30/2025,13003115,440,EUR,YA,"2,388.71",RE,7/15/2025,Invoice - Gross-VAT Rec Input RC
1234,2025,7,7/31/2025,7/31/2025,20201420,194,SAR,YA,"13,954.92",IP,,FX reimbursement-OCL - Output VAT RC
1234,2025,7,7/8/2025,6/25/2025,20201420,426,GBP,YA,"9,847.04",RE,7/7/2025,Invoice - Gross-OCL - Output VAT RC
1234,2025,7,7/8/2025,6/25/2025,20201420,426,GBP,YA,"4,475.92",RE,7/7/2025,Invoice - Gross-OCL - Output VAT RC
1234,2025,7,7/8/2025,6/25/2025,20201420,426,GBP,YA,"9,309.93",RE,7/7/2025,Invoice - Gross-OCL - Output VAT RC
1234,2025,7,7/25/2025,3/7/2025,20201420,342,USD,YI,517.50,RE,7/25/2025,Invoice - Gross-OCL - Output VAT RC
1234,2025,7,7/25/2025,3/21/2025,20201420,767,USD,YI,"2,587.96",RE,7/25/2025,Invoice - Gross-OCL - Output VAT RC
1234,2025,7,7/25/2025,5/7/2025,20201420,382,USD,YI,517.50,RE,7/25/2025,Invoice - Gross-OCL - Output VAT RC
1234,2025,7,7/24/2025,6/30/2025,20201420,37,USD,YA,"-2,093.00",KR,7/24/2025,Vendor Invoice-OCL - Output VAT RC
1234,2025,7,7/9/2025,7/9/2025,20201420,799,USD,YI,-51.98,RE,7/9/2025,Invoice - Gross-OCL - Output VAT RC
1234,2025,7,7/3/2025,6/26/2025,20201420,266,GBP,YA,-552.31,KR,7/3/2025,Vendor Invoice-OCL - Output VAT RC
1234,2025,7,7/21/2025,7/18/2025,20201420,170,EUR,YA,-211.23,KR,7/21/2025,Vendor Invoice-OCL - Output VAT RC
1234,2025,7,7/18/2025,7/15/2025,20201420,381,GBP,YA,"-3,079.13",RE,7/18/2025,Invoice - Gross-OCL - Output VAT RC
1234,2025,7,7/23/2025,7/15/2025,20201420,187,USD,YA,-96.43,RE,7/23/2025,Invoice - Gross-OCL - Output VAT RC
1234,2025,7,7/16/2025,7/15/2025,20201420,429,USD,YA,"-3,036.00",RE,7/16/2025,Invoice - Gross-OCL - Output VAT RC
1234,2025,7,7/16/2025,7/15/2025,20201420,429,USD,YA,-759.00,RE,7/16/2025,Invoice - Gross-OCL - Output VAT RC
1234,2025,7,7/9/2025,7/9/2025,20201420,819,USD,YI,-127.42,RE,7/9/2025,Invoice - Gross-OCL - Output VAT RC
1234,2025,7,7/15/2025,6/30/2025,20201420,238,EUR,YA,"-3,199.71",RE,7/15/2025,Invoice - Gross-OCL - Output VAT RC
1234,2025,7,7/1/2025,6/30/2025,20201420,213,GBP,YA,"-3,411.67",RE,7/1/2025,Invoice - Gross-OCL - Output VAT RC
1234,2025,7,7/17/2025,7/15/2025,20201420,381,GBP,YA,"-9,387.31",RE,7/17/2025,Invoice - Gross-OCL - Output VAT RC
1234,2025,7,7/1/2025,7/1/2025,20201420,59,USD,YA,"-1,661.52",RE,7/1/2025,Invoice - Gross-OCL - Output VAT RC
1234,2025,7,7/4/2025,6/30/2025,20201420,663,EUR,YI,"-5,103.47",RE,7/4/2025,Invoice - Gross-OCL - Output VAT RC
1234,2025,7,7/3/2025,6/12/2025,20201420,344,USD,YA,"-2,093.00",KR,7/3/2025,Vendor Invoice-OCL - Output VAT RC
1234,2025,7,7/16/2025,7/11/2025,20201420,843,USD,YI,"-2,062.41",RE,7/16/2025,Invoice - Gross-OCL - Output VAT RC
1234,2025,7,7/1/2025,6/30/2025,20201420,362,EUR,YI,"-2,665.12",RE,6/30/2025,Invoice - Gross-OCL - Output VAT RC
1234,2025,7,7/1/2025,6/30/2025,20201420,362,EUR,YI,-296.13,RE,6/30/2025,Invoice - Gross-OCL - Output VAT RC
1234,2025,7,7/8/2025,6/27/2025,20201420,91,GBP,YA,"-9,847.04",RE,7/7/2025,Invoice - Gross-OCL - Output VAT RC
1234,2025,7,7/8/2025,6/27/2025,20201420,91,GBP,YA,"-4,475.92",RE,7/7/2025,Invoice - Gross-OCL - Output VAT RC
1234,2025,7,7/8/2025,6/27/2025,20201420,91,GBP,YA,"-9,309.93",RE,7/7/2025,Invoice - Gross-OCL - Output VAT RC
1234,2025,7,7/25/2025,3/18/2025,20201420,399,USD,YI,"1,552.50",RE,7/25/2025,Invoice - Gross-OCL - Output VAT RC
1234,2025,7,7/25/2025,5/15/2025,20201420,636,USD,YI,"1,293.75",RE,7/25/2025,Invoice - Gross-OCL - Output VAT RC
1234,2025,7,7/25/2025,4/4/2025,20201420,477,USD,YI,517.50,RE,7/25/2025,Invoice - Gross-OCL - Output VAT RC
1234,2025,7,7/28/2025,6/15/2025,20201420,782,GBP,YA,"2,479.40",RE,7/28/2025,Invoice - Gross-OCL - Output VAT RC
1234,2025,7,7/29/2025,6/15/2025,20201420,925,GBP,YA,"2,052.73",RE,7/28/2025,Invoice - Gross-OCL - Output VAT RC
1234,2025,7,7/16/2025,7/15/2025,20201420,769,GBP,YA,"-2,300.00",RE,7/16/2025,Invoice - Gross-OCL - Output VAT RC
1234,2025,7,7/16/2025,7/15/2025,20201420,546,USD,YI,"-5,267.00",RE,7/16/2025,Invoice - Gross-OCL - Output VAT RC
1234,2025,7,7/14/2025,6/30/2025,20201420,300,EUR,YI,"-2,530.00",RE,7/14/2025,Invoice - Gross-OCL - Output VAT RC
1234,2025,7,7/14/2025,7/8/2025,20201420,116,USD,YI,"-1,380.00",RE,7/14/2025,Invoice - Gross-OCL - Output VAT RC
1234,2025,7,7/16/2025,7/15/2025,20201420,604,USD,YI,-87.40,RE,7/16/2025,Invoice - Gross-OCL - Output VAT RC
1234,2025,7,7/9/2025,7/9/2025,20201420,388,USD,YI,-606.07,RE,7/9/2025,Invoice - Gross-OCL - Output VAT RC
1234,2025,7,7/9/2025,7/9/2025,20201420,244,USD,YI,"-1,554.46",RE,7/9/2025,Invoice - Gross-OCL - Output VAT RC
1234,2025,7,7/22/2025,7/15/2025,20201420,697,USD,YA,-499.25,RE,7/22/2025,Invoice - Gross-OCL - Output VAT RC
1234,2025,7,7/23/2025,7/15/2025,20201420,429,USD,YA,-460.90,RE,7/23/2025,Invoice - Gross-OCL - Output VAT RC
1234,2025,7,7/1/2025,11/11/2024,20201420,73,GBP,YA,-270.74,RE,7/3/2025,Invoice - Gross-OCL - Output VAT RC
1234,2025,7,7/9/2025,7/9/2025,20201420,141,USD,YI,-771.42,RE,7/9/2025,Invoice - Gross-OCL - Output VAT RC
1234,2025,7,7/14/2025,7/14/2025,20201420,952,GBP,YA,"-2,484.00",RE,7/14/2025,Invoice - Gross-OCL - Output VAT RC
1234,2025,7,7/23/2025,7/22/2025,20201420,974,EUR,YI,"-4,312.50",RE,7/23/2025,Invoice - Gross-OCL - Output VAT RC
1234,2025,7,7/1/2025,6/30/2025,20201420,373,USD,YA,"-22,724.00",RE,6/30/2025,Invoice - Gross-OCL - Output VAT RC
1234,2025,7,7/1/2025,6/30/2025,20201420,365,USD,YI,-517.50,RE,6/30/2025,Invoice - Gross-OCL - Output VAT RC
1234,2025,7,7/1/2025,6/30/2025,20201420,89,GBP,YA,"-5,960.68",RE,7/18/2025,Invoice - Gross-OCL - Output VAT RC
1234,2025,7,7/1/2025,6/30/2025,20201420,89,GBP,YA,"-5,371.08",RE,7/18/2025,Invoice - Gross-OCL - Output VAT RC
1234,2025,7,7/3/2025,6/30/2025,20201420,165,GBP,YA,"-4,475.93",RE,7/3/2025,Invoice - Gross-OCL - Output VAT RC
1234,2025,7,7/22/2025,6/30/2025,20201420,666,EUR,YI,-162.15,RE,7/22/2025,Invoice - Gross-OCL - Output VAT RC
1234,2025,7,7/22/2025,6/30/2025,20201420,666,EUR,YI,"-1,459.35",RE,7/22/2025,Invoice - Gross-OCL - Output VAT RC
1234,2025,7,7/15/2025,6/30/2025,20201420,440,EUR,YA,"-2,388.71",RE,7/15/2025,Invoice - Gross-OCL - Output VAT RC
1234,2025,7,7/1/2025,4/30/2025,20201420,421,USD,YA,"-1,150.00",RE,6/30/2025,Invoice - Gross-OCL - Output VAT RC
1234,2025,7,7/18/2025,6/9/2025,20201420,312,EUR,YI,"-151,785.85",RE,7/18/2025,Invoice - Gross-OCL - Output VAT RC
1234,2025,7,7/18/2025,6/9/2025,20201420,312,EUR,YI,"-16,865.10",RE,7/18/2025,Invoice - Gross-OCL - Output VAT RC
1234,2025,7,7/18/2025,6/9/2025,20201420,312,EUR,YI,"-14,885.37",RE,7/18/2025,Invoice - Gross-OCL - Output VAT RC
1234,2025,7,7/18/2025,6/9/2025,20201420,312,EUR,YI,"-7,967.64",RE,7/18/2025,Invoice - Gross-OCL - Output VAT RC
1234,2025,7,7/18/2025,6/9/2025,20201420,312,EUR,YI,-885.29,RE,7/18/2025,Invoice - Gross-OCL - Output VAT RC
1234,2025,7,7/18/2025,6/9/2025,20201420,312,EUR,YI,-637.95,RE,7/18/2025,Invoice - Gross-OCL - Output VAT RC
1234,2025,7,7/18/2025,6/9/2025,20201420,312,EUR,YI,"-5,741.56",RE,7/18/2025,Invoice - Gross-OCL - Output VAT RC
1234,2025,7,7/18/2025,6/9/2025,20201420,312,EUR,YI,-531.62,RE,7/18/2025,Invoice - Gross-OCL - Output VAT RC
1234,2025,7,7/18/2025,6/9/2025,20201420,312,EUR,YI,"-4,784.60",RE,7/18/2025,Invoice - Gross-OCL - Output VAT RC
1234,2025,7,7/18/2025,6/9/2025,20201420,312,EUR,YI,-399.99,RE,7/18/2025,Invoice - Gross-OCL - Output VAT RC
1234,2025,7,7/18/2025,6/9/2025,20201420,312,EUR,YI,"-3,599.94",RE,7/18/2025,Invoice - Gross-OCL - Output VAT RC
1234,2025,7,7/25/2025,2/26/2025,20201420,614,USD,YI,517.50,RE,7/25/2025,Invoice - Gross-OCL - Output VAT RC
1234,2025,7,7/25/2025,4/8/2025,20201420,478,USD,YI,517.50,RE,7/25/2025,Invoice - Gross-OCL - Output VAT RC
1234,2025,7,7/25/2025,4/17/2025,20201420,463,USD,YI,517.50,RE,7/25/2025,Invoice - Gross-OCL - Output VAT RC
1234,2025,7,7/9/2025,7/9/2025,20201420,582,USD,YI,-385.71,RE,7/9/2025,Invoice - Gross-OCL - Output VAT RC
1234,2025,7,7/22/2025,7/15/2025,20201420,191,USD,YA,"-12,412.43",RE,7/22/2025,Invoice - Gross-OCL - Output VAT RC
1234,2025,7,7/16/2025,7/15/2025,20201420,557,USD,YI,"-3,235.80",RE,7/16/2025,Invoice - Gross-OCL - Output VAT RC
1234,2025,7,7/9/2025,7/9/2025,20201420,896,USD,YI,-953.58,RE,7/9/2025,Invoice - Gross-OCL - Output VAT RC
1234,2025,7,7/1/2025,6/26/2025,20201420,324,EUR,YI,"-31,897.09",RE,7/1/2025,Invoice - Gross-OCL - Output VAT RC
1234,2025,7,7/6/2025,7/1/2025,20201420,730,EUR,YI,"-5,789.93",RE,7/6/2025,Invoice - Gross-OCL - Output VAT RC
1234,2025,7,7/21/2025,7/21/2025,20201420,766,GBP,YA,"-2,237.90",RE,7/21/2025,Invoice - Gross-OCL - Output VAT RC
1234,2025,7,7/1/2025,6/30/2025,20201420,266,EUR,YI,"-2,076.44",RE,6/30/2025,Invoice - Gross-OCL - Output VAT RC
1234,2025,7,7/1/2025,6/30/2025,20201420,266,EUR,YI,-519.11,RE,6/30/2025,Invoice - Gross-OCL - Output VAT RC
1234,2025,7,7/16/2025,7/15/2025,20201420,286,USD,YI,-385.71,RE,7/16/2025,Invoice - Gross-OCL - Output VAT RC
1234,2025,7,7/9/2025,7/7/2025,20201420,981,USD,YA,"-34,649.04",RE,7/9/2025,Invoice - Gross-OCL - Output VAT RC
1234,2025,7,7/21/2025,7/17/2025,20201420,775,USD,YA,"-4,740.53",RE,7/21/2025,Invoice - Gross-OCL - Output VAT RC
1234,2025,7,7/15/2025,6/30/2025,20201420,733,EUR,YA,"-8,551.11",RE,7/15/2025,Invoice - Gross-OCL - Output VAT RC
1234,2025,7,7/27/2025,7/15/2025,20201420,523,GBP,YA,"-2,302.67",RE,7/27/2025,Invoice - Gross-OCL - Output VAT RC
1234,2025,7,7/27/2025,7/15/2025,20201420,523,GBP,YA,-255.85,RE,7/27/2025,Invoice - Gross-OCL - Output VAT RC
1234,2025,7,7/9/2025,7/9/2025,20201420,468,USD,YI,"-1,299.27",RE,7/9/2025,Invoice - Gross-OCL - Output VAT RC
1234,2025,7,7/9/2025,7/9/2025,20201420,304,USD,YI,"-9,965.90",RE,7/9/2025,Invoice - Gross-OCL - Output VAT RC
1234,2025,7,7/9/2025,7/9/2025,20201420,125,USD,YI,-516.89,RE,7/9/2025,Invoice - Gross-OCL - Output VAT RC
1234,2025,7,7/18/2025,6/12/2025,20201420,469,USD,YA,"-17,025.75",RE,7/18/2025,Invoice - Gross-OCL - Output VAT RC
1234,2025,7,7/2/2025,7/2/2025,20201420,870,USD,YA,"-13,695.12",RE,7/2/2025,Invoice - Gross-OCL - Output VAT RC
1234,2025,7,7/11/2025,7/11/2025,20201420,806,EUR,YI,"-5,689.61",RE,7/11/2025,Invoice - Gross-OCL - Output VAT RC
1234,2025,7,7/9/2025,7/9/2025,20201420,319,USD,YI,-264.04,RE,7/9/2025,Invoice - Gross-OCL - Output VAT RC
1234,2025,7,7/25/2025,7/15/2025,20201420,581,GBP,YA,"-2,138.61",RE,7/25/2025,Invoice - Gross-OCL - Output VAT RC
1234,2025,7,7/25/2025,7/15/2025,20201420,581,GBP,YA,-568.49,RE,7/25/2025,Invoice - Gross-OCL - Output VAT RC
1234,2025,7,7/15/2025,7/15/2025,20201420,664,USD,YA,"-2,094.84",RE,7/15/2025,Invoice - Gross-OCL - Output VAT RC
1234,2025,7,7/2/2025,4/28/2025,20201420,35,USD,YA,"-8,280.00",RE,7/2/2025,Invoice - Gross-OCL - Output VAT RC
1234,2025,7,7/9/2025,7/9/2025,20201420,172,USD,YI,-316.71,RE,7/9/2025,Invoice - Gross-OCL - Output VAT RC
1234,2025,7,7/16/2025,7/15/2025,20201420,704,EUR,YA,"-2,252.57",RE,7/16/2025,Invoice - Gross-OCL - Output VAT RC
1234,2025,7,7/16/2025,7/15/2025,20201420,600,USD,YI,-332.58,RE,7/16/2025,Invoice - Gross-OCL - Output VAT RC
1234,2025,7,7/23/2025,7/23/2025,20201420,963,USD,YI,"-2,872.24",RE,7/23/2025,Invoice - Gross-OCL - Output VAT RC
1234,2025,7,7/9/2025,7/9/2025,20201420,652,USD,YI,-127.42,RE,7/9/2025,Invoice - Gross-OCL - Output VAT RC
1234,2025,7,7/9/2025,7/9/2025,20201420,777,USD,YI,-740.70,RE,7/9/2025,Invoice - Gross-OCL - Output VAT RC
1234,2025,7,7/25/2025,7/31/2024,20201420,841,EUR,YI,"-4,815.70",RE,7/25/2025,Invoice - Gross-OCL - Output VAT RC
1234,2025,7,7/16/2025,7/15/2025,20201420,718,GBP,YA,"-4,072.25",RE,7/16/2025,Invoice - Gross-OCL - Output VAT RC
1234,2025,7,7/19/2025,7/1/2025,20201420,351,GBP,YA,"-23,000.00",RE,7/19/2025,Invoice - Gross-OCL - Output VAT RC
1234,2025,7,7/1/2025,6/1/2025,20201420,71,GBP,YI,"-1,423.03",RE,7/1/2025,Invoice - Gross-OCL - Output VAT RC
1234,2025,7,7/25/2025,7/23/2025,20201420,883,GBP,YA,"-2,669.38",RE,7/25/2025,Invoice - Gross-OCL - Output VAT RC
1234,2025,7,7/23/2025,7/15/2025,20201420,311,USD,YA,"-3,273.96",RE,7/23/2025,Invoice - Gross-OCL - Output VAT RC
1234,2025,7,7/15/2025,6/30/2025,20201420,322,EUR,YA,"-9,919.28",RE,7/15/2025,Invoice - Gross-OCL - Output VAT RC
1234,2025,7,7/21/2025,7/21/2025,20201420,402,GBP,YA,"-6,411.99",RE,7/21/2025,Invoice - Gross-OCL - Output VAT RC
1234,2025,7,7/4/2025,7/1/2025,20201420,732,USD,YA,-293.51,RE,7/4/2025,Invoice - Gross-OCL - Output VAT RC
1234,2025,7,7/7/2025,6/5/2025,20201420,354,GBP,YA,-303.45,RE,7/7/2025,Invoice - Gross-OCL - Output VAT RC
1234,2025,7,7/7/2025,6/5/2025,20201420,354,GBP,YA,-80.67,RE,7/7/2025,Invoice - Gross-OCL - Output VAT RC
1234,2025,7,7/16/2025,7/15/2025,20201420,752,USD,YA,"-5,060.00",RE,7/16/2025,Invoice - Gross-OCL - Output VAT RC
1234,2025,7,7/9/2025,7/9/2025,20201420,774,USD,YI,-835.76,RE,7/9/2025,Invoice - Gross-OCL - Output VAT RC
1234,2025,7,7/23/2025,7/22/2025,20201420,48,GBP,YA,"-9,108.00",RE,7/23/2025,Invoice - Gross-OCL - Output VAT RC
1234,2025,7,7/23/2025,7/22/2025,20201420,48,GBP,YA,"-1,012.00",RE,7/23/2025,Invoice - Gross-OCL - Output VAT RC
1234,2025,7,7/23/2025,7/22/2025,20201420,48,GBP,YA,"-9,108.00",RE,7/23/2025,Invoice - Gross-OCL - Output VAT RC
1234,2025,7,7/23/2025,7/22/2025,20201420,48,GBP,YA,"-1,012.00",RE,7/23/2025,Invoice - Gross-OCL - Output VAT RC
1234,2025,7,7/1/2025,6/30/2025,20201420,493,USD,YA,"-13,800.00",RE,6/30/2025,Invoice - Gross-OCL - Output VAT RC
1234,2025,7,7/18/2025,7/16/2025,20201420,460,USD,YA,-276.00,RE,7/29/2025,Invoice - Gross-OCL - Output VAT RC
1234,2025,7,7/9/2025,7/9/2025,20201420,492,USD,YI,"-2,399.82",RE,7/9/2025,Invoice - Gross-OCL - Output VAT RC
1234,2025,7,7/18/2025,7/9/2025,20201420,674,EUR,YI,-402.50,RE,7/18/2025,Invoice - Gross-OCL - Output VAT RC
1234,2025,7,7/8/2025,7/7/2025,20201420,666,EUR,YI,"-5,302.94",RE,7/8/2025,Invoice - Gross-OCL - Output VAT RC
1234,2025,7,7/21/2025,7/15/2025,20201420,851,EUR,YA,"-1,640.81",RE,7/21/2025,Invoice - Gross-OCL - Output VAT RC
1234,2025,7,7/21/2025,7/15/2025,20201420,851,EUR,YA,-436.17,RE,7/21/2025,Invoice - Gross-OCL - Output VAT RC
1234,2025,7,7/16/2025,7/15/2025,20201420,483,USD,YI,"-4,573.32",RE,7/16/2025,Invoice - Gross-OCL - Output VAT RC
1234,2025,7,7/16/2025,7/15/2025,20201420,511,USD,YI,-148.09,RE,7/16/2025,Invoice - Gross-OCL - Output VAT RC
1234,2025,7,7/16/2025,7/15/2025,20201420,210,USD,YI,-115.37,RE,7/16/2025,Invoice - Gross-OCL - Output VAT RC
1234,2025,7,7/1/2025,6/23/2025,20201420,407,EUR,YI,-218.50,RE,6/30/2025,Invoice - Gross-OCL - Output VAT RC
1234,2025,7,7/1/2025,6/30/2025,20201420,68,GBP,YA,"-2,685.48",RE,6/30/2025,Invoice - Gross-OCL - Output VAT RC
1234,2025,7,7/15/2025,7/15/2025,20201420,282,USD,YA,"-1,656.00",RE,7/15/2025,Invoice - Gross-OCL - Output VAT RC
1234,2025,7,7/16/2025,7/15/2025,20201420,67,GBP,YA,"-2,387.17",RE,7/16/2025,Invoice - Gross-OCL - Output VAT RC
1234,2025,7,7/3/2025,7/1/2025,20201420,693,USD,YI,"-1,380.00",RE,7/3/2025,Invoice - Gross-OCL - Output VAT RC
1234,2025,7,7/9/2025,6/12/2025,20201420,779,USD,YA,"-1,058.00",RE,7/9/2025,Invoice - Gross-OCL - Output VAT RC
1234,2025,7,7/21/2025,6/11/2025,20201420,61,GBP,YA,"-18,462.10",RE,7/21/2025,Invoice - Gross-OCL - Output VAT RC
1234,2025,7,7/9/2025,7/9/2025,20201420,18,USD,YI,"-2,205.87",RE,7/9/2025,Invoice - Gross-OCL - Output VAT RC
1234,2025,7,7/25/2025,5/13/2025,20201420,420,USD,YI,517.50,RE,7/25/2025,Invoice - Gross-OCL - Output VAT RC
1234,2025,7,7/14/2025,6/24/2025,20201420,753,USD,YA,"-6,900.00",RE,7/14/2025,Invoice - Gross-OCL - Output VAT RC
1234,2025,7,7/16/2025,7/15/2025,20201420,69,USD,YI,"-4,067.90",RE,7/16/2025,Invoice - Gross-OCL - Output VAT RC
1234,2025,7,7/1/2025,6/26/2025,20201420,133,EUR,YI,"-2,371.30",RE,7/1/2025,Invoice - Gross-OCL - Output VAT RC
1234,2025,7,7/3/2025,7/1/2025,20201420,693,USD,YI,"-1,380.00",RE,7/3/2025,Invoice - Gross-OCL - Output VAT RC
1234,2025,7,7/9/2025,7/9/2025,20201420,204,USD,YI,"-1,157.13",RE,7/9/2025,Invoice - Gross-OCL - Output VAT RC
1234,2025,7,7/9/2025,7/9/2025,20201420,291,USD,YI,-953.58,RE,7/9/2025,Invoice - Gross-OCL - Output VAT RC
1234,2025,7,7/9/2025,7/9/2025,20201420,811,USD,YI,-416.65,RE,7/9/2025,Invoice - Gross-OCL - Output VAT RC
1234,2025,7,7/16/2025,7/15/2025,20201420,455,USD,YI,-953.58,RE,7/16/2025,Invoice - Gross-OCL - Output VAT RC
1234,2025,7,7/3/2025,7/3/2025,20201420,614,EUR,YI,"-2,273.89",RE,7/3/2025,Invoice - Gross-OCL - Output VAT RC
1234,2025,7,7/3/2025,7/3/2025,20201420,614,EUR,YI,-252.66,RE,7/3/2025,Invoice - Gross-OCL - Output VAT RC
1234,2025,7,7/21/2025,5/14/2025,20201420,193,GBP,YA,"-35,318.80",RE,7/21/2025,Invoice - Gross-OCL - Output VAT RC
1234,2025,7,7/1/2025,5/31/2025,20201420,375,USD,YA,"-1,725.00",RE,6/30/2025,Invoice - Gross-OCL - Output VAT RC
1234,2025,7,7/1/2025,6/25/2025,20201420,586,EUR,YA,"-21,380.80",RE,7/1/2025,Invoice - Gross-OCL - Output VAT RC
1234,2025,7,7/1/2025,6/25/2025,20201420,586,EUR,YA,"-5,345.20",RE,7/1/2025,Invoice - Gross-OCL - Output VAT RC
1234,2025,7,7/15/2025,6/30/2025,20201420,904,EUR,YA,"-1,142.48",RE,7/15/2025,Invoice - Gross-OCL - Output VAT RC
1234,2025,7,7/15/2025,6/30/2025,20201420,904,EUR,YA,"-1,362.97",RE,7/15/2025,Invoice - Gross-OCL - Output VAT RC
1234,2025,7,7/18/2025,7/15/2025,20201420,69,GBP,YA,"-2,757.70",RE,7/18/2025,Invoice - Gross-OCL - Output VAT RC
1234,2025,7,7/15/2025,7/15/2025,20201420,870,GBP,YA,"-2,121.59",RE,7/25/2025,Invoice - Gross-OCL - Output VAT RC
1234,2025,7,7/15/2025,7/15/2025,20201420,870,GBP,YA,-563.97,RE,7/25/2025,Invoice - Gross-OCL - Output VAT RC
1234,2025,7,7/1/2025,6/11/2025,20201420,91,GBP,YI,-70.11,RE,7/1/2025,Invoice - Gross-OCL - Output VAT RC
1234,2025,7,7/16/2025,7/15/2025,20201420,685,USD,YI,-242.78,RE,7/16/2025,Invoice - Gross-OCL - Output VAT RC
1234,2025,7,7/1/2025,6/29/2025,20201420,680,GBP,YA,-230.00,RE,7/1/2025,Invoice - Gross-OCL - Output VAT RC
1234,2025,7,7/16/2025,7/15/2025,20201420,910,USD,YI,-51.65,RE,7/16/2025,Invoice - Gross-OCL - Output VAT RC
1234,2025,7,7/20/2025,7/15/2025,20201420,119,GBP,YA,"-1,909.74",RE,7/20/2025,Invoice - Gross-OCL - Output VAT RC
1234,2025,7,7/20/2025,7/15/2025,20201420,119,GBP,YA,-477.43,RE,7/20/2025,Invoice - Gross-OCL - Output VAT RC
1234,2025,7,7/1/2025,8/9/2024,20201420,222,GBP,YA,-306.70,RE,7/3/2025,Invoice - Gross-OCL - Output VAT RC
1234,2025,7,7/9/2025,6/3/2025,20201420,845,USD,YA,"-2,645.00",RE,7/9/2025,Invoice - Gross-OCL - Output VAT RC
1234,2025,7,7/16/2025,7/15/2025,20201420,186,EUR,YA,"-2,797.57",RE,7/16/2025,Invoice - Gross-OCL - Output VAT RC
1234,2025,7,7/1/2025,6/20/2025,20201420,512,GBP,YI,-468.45,RE,7/1/2025,Invoice - Gross-OCL - Output VAT RC
1234,2025,7,7/1/2025,6/30/2025,20201420,966,EUR,YI,"-1,656.00",RE,7/3/2025,Invoice - Gross-OCL - Output VAT RC
1234,2025,7,7/17/2025,7/15/2025,20201420,477,EUR,YI,"-1,725.00",RE,7/17/2025,Invoice - Gross-OCL - Output VAT RC
1234,2025,7,7/17/2025,7/15/2025,20201420,477,EUR,YI,"-6,900.00",RE,7/17/2025,Invoice - Gross-OCL - Output VAT RC
1234,2025,7,7/18/2025,7/15/2025,20201420,324,EUR,YI,-201.25,RE,7/18/2025,Invoice - Gross-OCL - Output VAT RC
1234,2025,7,7/16/2025,6/12/2025,20201420,20,USD,YA,"-13,381.98",RE,7/16/2025,Invoice - Gross-OCL - Output VAT RC
1234,2025,7,7/1/2025,6/20/2025,20201420,739,GBP,YI,-575.65,RE,7/1/2025,Invoice - Gross-OCL - Output VAT RC
1234,2025,7,7/15/2025,7/15/2025,20201420,125,GBP,YA,"-18,011.76",RE,7/15/2025,Invoice - Gross-OCL - Output VAT RC
1234,2025,7,7/16/2025,7/15/2025,20201420,376,USD,YI,-650.85,RE,7/16/2025,Invoice - Gross-OCL - Output VAT RC
1234,2025,7,7/1/2025,6/30/2025,20201420,677,EUR,YI,"-2,242.43",RE,6/30/2025,Invoice - Gross-OCL - Output VAT RC
1234,2025,7,7/1/2025,6/30/2025,20201420,677,EUR,YI,-249.16,RE,6/30/2025,Invoice - Gross-OCL - Output VAT RC
1234,2025,7,7/9/2025,7/1/2025,20201420,663,EUR,YI,"-38,520.99",RE,7/9/2025,Invoice - Gross-OCL - Output VAT RC
1234,2025,7,7/22/2025,7/9/2025,20201420,109,EUR,YI,"-26,132.34",RE,7/22/2025,Invoice - Gross-OCL - Output VAT RC
1234,2025,7,7/1/2025,4/30/2025,20201420,62,USD,YA,"-1,587.00",RE,7/9/2025,Invoice - Gross-OCL - Output VAT RC
1234,2025,7,7/1/2025,6/24/2025,20201420,791,USD,YA,-57.50,RE,7/8/2025,Invoice - Gross-OCL - Output VAT RC
1234,2025,7,7/16/2025,7/15/2025,20201420,823,USD,YA,"-3,833.41",RE,7/16/2025,Invoice - Gross-OCL - Output VAT RC
1234,2025,7,7/22/2025,7/15/2025,20201420,497,USD,YA,"-4,573.32",RE,7/22/2025,Invoice - Gross-OCL - Output VAT RC
1234,2025,7,7/9/2025,7/9/2025,20201420,111,USD,YI,-784.07,RE,7/9/2025,Invoice - Gross-OCL - Output VAT RC
1234,2025,7,7/9/2025,7/9/2025,20201420,622,USD,YI,-945.04,RE,7/9/2025,Invoice - Gross-OCL - Output VAT RC
1234,2025,7,7/22/2025,7/9/2025,20201420,491,EUR,YI,"-18,958.10",RE,7/22/2025,Invoice - Gross-OCL - Output VAT RC
1234,2025,7,7/9/2025,7/9/2025,20201420,496,USD,YI,"-1,223.76",RE,7/9/2025,Invoice - Gross-OCL - Output VAT RC
1234,2025,7,7/24/2025,7/14/2025,20201420,708,EUR,YI,"-18,632.30",RE,7/24/2025,Invoice - Gross-OCL - Output VAT RC
1234,2025,7,7/24/2025,7/14/2025,20201420,708,EUR,YI,"-4,979.50",RE,7/24/2025,Invoice - Gross-OCL - Output VAT RC
1234,2025,7,7/9/2025,7/9/2025,20201420,123,EUR,YI,"-8,506.09",RE,7/9/2025,Invoice - Gross-OCL - Output VAT RC
1234,2025,7,7/22/2025,7/15/2025,20201420,430,USD,YA,-382.26,RE,7/22/2025,Invoice - Gross-OCL - Output VAT RC
1234,2025,7,7/16/2025,7/15/2025,20201420,317,USD,YI,-474.50,RE,7/16/2025,Invoice - Gross-OCL - Output VAT RC
1234,2025,7,7/9/2025,7/9/2025,20201420,105,USD,YI,-115.36,RE,7/9/2025,Invoice - Gross-OCL - Output VAT RC
1234,2025,7,7/23/2025,7/15/2025,20201420,24,USD,YA,"-2,256.81",RE,7/23/2025,Invoice - Gross-OCL - Output VAT RC
1234,2025,7,7/16/2025,7/15/2025,20201420,465,USD,YI,-953.58,RE,7/16/2025,Invoice - Gross-OCL - Output VAT RC
1234,2025,7,7/16/2025,7/15/2025,20201420,205,USD,YI,-667.46,RE,7/16/2025,Invoice - Gross-OCL - Output VAT RC
1234,2025,7,7/9/2025,7/9/2025,20201420,889,USD,YI,"-16,452.66",RE,7/9/2025,Invoice - Gross-OCL - Output VAT RC
1234,2025,7,7/15/2025,7/15/2025,20201420,143,GBP,YA,"-1,821.60",RE,7/20/2025,Invoice - Gross-OCL - Output VAT RC
1234,2025,7,7/15/2025,7/15/2025,20201420,143,GBP,YA,-455.40,RE,7/20/2025,Invoice - Gross-OCL - Output VAT RC
1234,2025,7,7/14/2025,7/10/2025,20201420,18,EUR,YI,"-42,675.40",RE,7/14/2025,Invoice - Gross-OCL - Output VAT RC
1234,2025,7,7/18/2025,7/15/2025,20201420,124,GBP,YA,"-2,200.02",RE,7/18/2025,Invoice - Gross-OCL - Output VAT RC
1234,2025,7,7/18/2025,7/15/2025,20201420,124,GBP,YA,-584.82,RE,7/18/2025,Invoice - Gross-OCL - Output VAT RC
1234,2025,7,7/1/2025,5/31/2025,20201420,299,USD,YA,"-3,312.00",RE,6/30/2025,Invoice - Gross-OCL - Output VAT RC
1234,2025,7,7/14/2025,7/9/2025,20201420,68,USD,YI,-517.50,RE,7/14/2025,Invoice - Gross-OCL - Output VAT RC
1234,2025,7,7/1/2025,6/5/2025,20201420,753,GBP,YA,"-2,200.02",RE,7/9/2025,Invoice - Gross-OCL - Output VAT RC
1234,2025,7,7/1/2025,6/5/2025,20201420,753,GBP,YA,-584.82,RE,7/9/2025,Invoice - Gross-OCL - Output VAT RC
1234,2025,7,7/22/2025,7/15/2025,20201420,529,USD,YA,-539.94,RE,7/22/2025,Invoice - Gross-OCL - Output VAT RC
1234,2025,7,7/7/2025,7/3/2025,20201420,234,GBP,YA,"-14,225.27",RE,7/7/2025,Invoice - Gross-OCL - Output VAT RC
1234,2025,7,7/9/2025,6/15/2025,20201420,225,GBP,YA,"-2,200.02",RE,7/9/2025,Invoice - Gross-OCL - Output VAT RC
1234,2025,7,7/9/2025,6/15/2025,20201420,225,GBP,YA,-584.82,RE,7/9/2025,Invoice - Gross-OCL - Output VAT RC
1234,2025,7,7/1/2025,6/18/2025,20201420,824,EUR,YI,-221.82,RE,6/28/2025,Invoice - Gross-OCL - Output VAT RC
1234,2025,7,7/1/2025,6/20/2025,20201420,787,GBP,YI,"-1,372.32",RE,7/1/2025,Invoice - Gross-OCL - Output VAT RC
1234,2025,7,7/14/2025,6/24/2025,20201420,267,USD,YA,"-9,200.00",RE,7/14/2025,Invoice - Gross-OCL - Output VAT RC
1234,2025,7,7/16/2025,7/15/2025,20201420,943,USD,YI,-953.58,RE,7/16/2025,Invoice - Gross-OCL - Output VAT RC
1234,2025,7,7/23/2025,7/15/2025,20201420,489,USD,YA,-26.45,RE,7/23/2025,Invoice - Gross-OCL - Output VAT RC
1234,2025,7,7/9/2025,7/9/2025,20201420,26,USD,YI,-784.07,RE,7/9/2025,Invoice - Gross-OCL - Output VAT RC
1234,2025,7,7/22/2025,7/15/2025,20201420,72,USD,YA,"-6,279.00",RE,7/22/2025,Invoice - Gross-OCL - Output VAT RC
1234,2025,7,7/21/2025,6/12/2025,20201420,315,GBP,YA,-750.38,RE,7/21/2025,Invoice - Gross-OCL - Output VAT RC
1234,2025,7,7/22/2025,7/15/2025,20201420,982,USD,YA,"-6,932.97",RE,7/23/2025,Invoice - Gross-OCL - Output VAT RC
1234,2025,7,7/21/2025,5/1/2025,20201420,668,GBP,YI,"-24,498.31",RE,7/21/2025,Invoice - Gross-OCL - Output VAT RC
1234,2025,7,7/1/2025,7/1/2025,20201420,172,GBP,YA,"-8,855.92",RE,7/1/2025,Invoice - Gross-OCL - Output VAT RC
1234,2025,7,7/21/2025,7/1/2025,20201420,542,USD,YA,"-22,770.00",RE,7/21/2025,Invoice - Gross-OCL - Output VAT RC
1234,2025,7,7/3/2025,6/23/2025,20201420,638,USD,YA,"-22,770.00",RE,7/3/2025,Invoice - Gross-OCL - Output VAT RC
1234,2025,7,7/9/2025,7/9/2025,20201420,426,USD,YI,-207.92,RE,7/9/2025,Invoice - Gross-OCL - Output VAT RC
1234,2025,7,7/7/2025,7/7/2025,20201420,773,EUR,YI,"-3,464.72",RE,7/7/2025,Invoice - Gross-OCL - Output VAT RC
1234,2025,7,7/7/2025,7/7/2025,20201420,773,EUR,YI,-25.30,RE,7/7/2025,Invoice - Gross-OCL - Output VAT RC
1234,2025,7,7/14/2025,7/7/2025,20201420,968,EUR,YI,-402.50,RE,7/14/2025,Invoice - Gross-OCL - Output VAT RC
1234,2025,7,7/22/2025,7/15/2025,20201420,221,USD,YA,-154.08,RE,7/22/2025,Invoice - Gross-OCL - Output VAT RC
1234,2025,7,7/25/2025,7/24/2025,20201420,309,GBP,YA,"-1,074.19",RE,7/25/2025,Invoice - Gross-OCL - Output VAT RC
1234,2025,7,7/25/2025,7/24/2025,20201420,309,GBP,YA,-716.13,RE,7/25/2025,Invoice - Gross-OCL - Output VAT RC
1234,2025,7,7/16/2025,7/15/2025,20201420,803,GBP,YA,"-1,974.17",RE,7/16/2025,Invoice - Gross-OCL - Output VAT RC
1234,2025,7,7/29/2025,7/29/2025,20201420,204,EUR,YI,-67.66,RE,7/29/2025,Invoice - Gross-OCL - Output VAT RC
1234,2025,7,7/29/2025,7/29/2025,20201420,204,EUR,YI,-7.52,RE,7/29/2025,Invoice - Gross-OCL - Output VAT RC
1234,2025,7,7/9/2025,7/9/2025,20201420,277,USD,YI,"-4,573.32",RE,7/9/2025,Invoice - Gross-OCL - Output VAT RC
1234,2025,7,7/28/2025,7/25/2025,20201420,49,EUR,YI,"-5,520.00",RE,7/28/2025,Invoice - Gross-OCL - Output VAT RC
1234,2025,7,7/23/2025,7/23/2025,20201420,933,USD,YI,"-2,070.00",RE,7/23/2025,Invoice - Gross-OCL - Output VAT RC
1234,2025,7,7/22/2025,7/15/2025,20201420,569,USD,YA,"-2,669.38",RE,7/22/2025,Invoice - Gross-OCL - Output VAT RC
1234,2025,7,7/9/2025,7/9/2025,20201420,144,USD,YI,-953.58,RE,7/9/2025,Invoice - Gross-OCL - Output VAT RC
1234,2025,7,7/18/2025,7/16/2025,20201420,638,USD,YI,-920.00,RE,7/18/2025,Invoice - Gross-OCL - Output VAT RC
1234,2025,7,7/9/2025,7/9/2025,20201420,778,USD,YI,"-1,542.84",RE,7/9/2025,Invoice - Gross-OCL - Output VAT RC
1234,2025,7,7/23/2025,7/23/2025,20201420,964,USD,YI,"-2,070.00",RE,7/23/2025,Invoice - Gross-OCL - Output VAT RC
1234,2025,7,7/1/2025,6/30/2025,20201420,4,EUR,YI,"-2,242.43",RE,6/30/2025,Invoice - Gross-OCL - Output VAT RC
1234,2025,7,7/1/2025,6/30/2025,20201420,4,EUR,YI,-249.16,RE,6/30/2025,Invoice - Gross-OCL - Output VAT RC
1234,2025,7,7/21/2025,5/12/2025,20201420,222,GBP,YA,"-28,495.85",RE,7/21/2025,Invoice - Gross-OCL - Output VAT RC
1234,2025,7,7/22/2025,7/15/2025,20201420,80,USD,YA,"-9,599.28",RE,7/23/2025,Invoice - Gross-OCL - Output VAT RC
1234,2025,7,7/21/2025,7/1/2025,20201420,126,GBP,YA,-83.38,RE,7/21/2025,Invoice - Gross-OCL - Output VAT RC
1234,2025,7,7/9/2025,7/9/2025,20201420,406,USD,YI,"-1,954.84",RE,7/9/2025,Invoice - Gross-OCL - Output VAT RC
1234,2025,7,7/9/2025,4/30/2025,20201420,220,USD,YA,-657.11,RE,7/9/2025,Invoice - Gross-OCL - Output VAT RC
1234,2025,7,7/20/2025,7/15/2025,20201420,412,GBP,YA,"-2,484.00",RE,7/20/2025,Invoice - Gross-OCL - Output VAT RC
1234,2025,7,7/9/2025,7/9/2025,20201420,259,USD,YI,-211.14,RE,7/9/2025,Invoice - Gross-OCL - Output VAT RC
1234,2025,7,7/8/2025,6/10/2025,20201420,712,USD,YI,"-25,101.52",RE,7/8/2025,Invoice - Gross-OCL - Output VAT RC
1234,2025,7,7/22/2025,7/9/2025,20201420,244,EUR,YI,"-15,580.11",RE,7/22/2025,Invoice - Gross-OCL - Output VAT RC
1234,2025,7,7/22/2025,7/15/2025,20201420,531,USD,YA,"-3,968.90",RE,7/22/2025,Invoice - Gross-OCL - Output VAT RC
1234,2025,7,7/1/2025,6/23/2025,20201420,501,EUR,YI,-925.96,RE,6/30/2025,Invoice - Gross-OCL - Output VAT RC
1234,2025,7,7/16/2025,7/15/2025,20201420,997,USD,YI,-606.07,RE,7/16/2025,Invoice - Gross-OCL - Output VAT RC
1234,2025,7,7/7/2025,6/19/2025,20201420,445,EUR,YA,-195.50,RE,7/13/2025,Invoice - Gross-OCL - Output VAT RC
1234,2025,7,7/9/2025,7/9/2025,20201420,306,USD,YI,-51.98,RE,7/9/2025,Invoice - Gross-OCL - Output VAT RC
1234,2025,7,7/21/2025,6/18/2025,20201420,601,EUR,YI,"-2,273.79",RE,7/21/2025,Invoice - Gross-OCL - Output VAT RC
1234,2025,7,7/16/2025,7/15/2025,20201420,724,USD,YA,"-3,668.50",RE,7/16/2025,Invoice - Gross-OCL - Output VAT RC
1234,2025,7,7/1/2025,7/1/2025,20201420,700,EUR,YI,"-1,854.41",RE,7/4/2025,Invoice - Gross-OCL - Output VAT RC
1234,2025,7,7/1/2025,7/1/2025,20201420,700,EUR,YI,-206.05,RE,7/4/2025,Invoice - Gross-OCL - Output VAT RC
1234,2025,7,7/9/2025,7/9/2025,20201420,452,USD,YI,-771.42,RE,7/9/2025,Invoice - Gross-OCL - Output VAT RC
1234,2025,7,7/24/2025,7/24/2025,20201420,629,USD,YA,"-4,600.00",RE,7/25/2025,Invoice - Gross-OCL - Output VAT RC
1234,2025,7,7/6/2025,7/3/2025,20201420,226,EUR,YA,"-8,380.44",KR,7/6/2025,Vendor Invoice-OCL - Output VAT RC
1234,2025,7,7/9/2025,3/31/2025,20201420,426,EUR,YA,-685.58,KR,7/9/2025,Vendor Invoice-OCL - Output VAT RC
1234,2025,7,7/7/2025,2/28/2025,20201420,597,EUR,YA,"-1,736.59",KR,7/7/2025,Vendor Invoice-OCL - Output VAT RC
1234,2025,7,7/17/2025,6/30/2025,20201420,567,GBP,YA,-740.60,KR,7/17/2025,Vendor Invoice-OCL - Output VAT RC
1234,2025,7,7/21/2025,6/19/2025,20201420,587,EUR,YI,-534.75,KR,7/21/2025,Vendor Invoice-OCL - Output VAT RC
1234,2025,7,7/10/2025,6/26/2025,20201420,696,GBP,YA,"-4,487.30",KR,7/10/2025,Vendor Invoice-OCL - Output VAT RC
1234,2025,7,7/14/2025,7/11/2025,20201420,875,EUR,YA,-132.27,KR,7/14/2025,Vendor Invoice-OCL - Output VAT RC
1234,2025,7,7/14/2025,7/11/2025,20201420,875,EUR,YA,"-17,301.97",KR,7/14/2025,Vendor Invoice-OCL - Output VAT RC
1234,2025,7,7/24/2025,6/30/2025,20201420,774,GBP,YA,"-4,830.00",KR,7/24/2025,Vendor Invoice-OCL - Output VAT RC
1234,2025,7,7/29/2025,7/25/2025,20201420,338,EUR,YA,-646.15,KR,7/29/2025,Vendor Invoice-OCL - Output VAT RC
1234,2025,7,7/4/2025,5/26/2025,20201420,369,EUR,YI,"-1,396.56",KR,7/4/2025,Vendor Invoice-OCL - Output VAT RC
1234,2025,7,7/4/2025,6/18/2025,20201420,483,EUR,YI,-202.14,KR,7/4/2025,Vendor Invoice-OCL - Output VAT RC
1234,2025,7,7/25/2025,7/23/2025,20201420,920,EUR,YI,"-3,198.92",RE,7/25/2025,Invoice - Gross-OCL - Output VAT RC
1234,2025,7,7/18/2025,7/14/2025,20201420,117,USD,YA,-811.44,RE,7/18/2025,Invoice - Gross-OCL - Output VAT RC
1234,2025,7,7/16/2025,7/11/2025,20201420,811,USD,YI,"-2,062.41",RE,7/16/2025,Invoice - Gross-OCL - Output VAT RC
1234,2025,7,7/21/2025,7/11/2025,20201420,434,USD,YA,"-9,200.00",RE,7/21/2025,Invoice - Gross-OCL - Output VAT RC
1234,2025,7,7/11/2025,7/11/2025,20201420,308,EUR,YI,"-5,267.82",RE,7/11/2025,Invoice - Gross-OCL - Output VAT RC
1234,2025,7,7/11/2025,7/11/2025,20201420,191,EUR,YI,"-1,828.58",RE,7/11/2025,Invoice - Gross-OCL - Output VAT RC
1234,2025,7,7/11/2025,7/11/2025,20201420,48,EUR,YI,"-1,858.48",RE,7/11/2025,Invoice - Gross-OCL - Output VAT RC
1234,2025,7,7/11/2025,7/11/2025,20201420,995,EUR,YI,"-1,828.58",RE,7/11/2025,Invoice - Gross-OCL - Output VAT RC
1234,2025,7,7/14/2025,7/11/2025,20201420,737,USD,YA,"-406,987.84",RE,7/14/2025,Invoice - Gross-OCL - Output VAT RC
1234,2025,7,7/14/2025,7/11/2025,20201420,621,USD,YI,"-2,062.41",RE,7/14/2025,Invoice - Gross-OCL - Output VAT RC
1234,2025,7,7/18/2025,7/11/2025,20201420,701,GBP,YA,"-8,056.60",RE,7/18/2025,Invoice - Gross-OCL - Output VAT RC
1234,2025,7,7/22/2025,7/11/2025,20201420,753,USD,YA,"-1,104.00",RE,7/22/2025,Invoice - Gross-OCL - Output VAT RC
1234,2025,7,7/12/2025,7/11/2025,20201420,607,USD,YA,"-2,760.00",RE,7/12/2025,Invoice - Gross-OCL - Output VAT RC
1234,2025,7,7/12/2025,7/11/2025,20201420,607,USD,YA,-306.67,RE,7/12/2025,Invoice - Gross-OCL - Output VAT RC
1234,2025,7,7/1/2025,7/1/2025,20201420,175,EUR,YI,"-1,100.20",RE,7/1/2025,Invoice - Gross-OCL - Output VAT RC
1234,2025,7,7/1/2025,7/1/2025,20201420,175,EUR,YI,-275.05,RE,7/1/2025,Invoice - Gross-OCL - Output VAT RC
1234,2025,7,7/1/2025,7/1/2025,20201420,729,EUR,YI,"-1,771.23",RE,7/1/2025,Invoice - Gross-OCL - Output VAT RC
1234,2025,7,7/1/2025,7/1/2025,20201420,729,EUR,YI,-442.81,RE,7/1/2025,Invoice - Gross-OCL - Output VAT RC
1234,2025,7,7/1/2025,7/1/2025,20201420,729,EUR,YI,-7.39,RE,7/1/2025,Invoice - Gross-OCL - Output VAT RC
1234,2025,7,7/1/2025,7/1/2025,20201420,729,EUR,YI,-406.61,RE,7/1/2025,Invoice - Gross-OCL - Output VAT RC
1234,2025,7,7/25/2025,7/1/2025,20201420,728,USD,YA,-373.75,RE,7/25/2025,Invoice - Gross-OCL - Output VAT RC
1234,2025,7,7/4/2025,7/1/2025,20201420,779,EUR,YI,"-2,060.46",RE,7/4/2025,Invoice - Gross-OCL - Output VAT RC
1234,2025,7,7/25/2025,8/14/2024,20201420,623,EUR,YI,"-6,529.02",RE,7/25/2025,Invoice - Gross-OCL - Output VAT RC
1234,2025,7,7/1/2025,6/3/2025,20201420,168,USD,YA,-17.63,RE,7/4/2025,Invoice - Gross-OCL - Output VAT RC
1234,2025,7,7/1/2025,5/6/2025,20201420,578,GBP,YA,"-7,820.00",RE,6/29/2025,Invoice - Gross-OCL - Output VAT RC
1234,2025,7,7/6/2025,7/2/2025,20201420,690,EUR,YI,"-1,610.00",RE,7/6/2025,Invoice - Gross-OCL - Output VAT RC
1234,2025,7,7/17/2025,7/17/2025,20201420,298,EUR,YI,"-12,024.23",RE,7/17/2025,Invoice - Gross-OCL - Output VAT RC
1234,2025,7,7/17/2025,7/17/2025,20201420,298,EUR,YI,"-1,336.02",RE,7/17/2025,Invoice - Gross-OCL - Output VAT RC
1234,2025,7,7/27/2025,7/17/2025,20201420,279,GBP,YA,"-2,760.00",RE,7/27/2025,Invoice - Gross-OCL - Output VAT RC
1234,2025,7,7/1/2025,6/16/2025,20201420,327,USD,YI,"-1,380.00",RE,6/30/2025,Invoice - Gross-OCL - Output VAT RC
1234,2025,7,7/29/2025,7/29/2025,20201420,585,USD,YA,"-4,733.40",RE,7/29/2025,Invoice - Gross-OCL - Output VAT RC
1234,2025,7,7/25/2025,7/21/2025,20201420,147,USD,YA,"-3,638.14",RE,7/25/2025,Invoice - Gross-OCL - Output VAT RC
1234,2025,7,7/10/2025,7/10/2025,20201420,185,USD,,"1,050,116.82",XE,8/1/2025,RC Clear June25A
1234,2025,7,7/10/2025,7/10/2025,20201420,185,RON,,"116,352.17",XE,8/1/2025,RC Clear June25A
1234,2025,7,7/10/2025,7/10/2025,20201420,185,GBP,,"392,288.30",XE,8/1/2025,RC Clear June25A
1234,2025,7,7/10/2025,7/10/2025,20201420,185,EUR,,"4,090,789.44",XE,8/1/2025,RC Clear June25A
1234,2025,7,7/1/2025,8/12/2024,20201420,506,GBP,YA,-263.38,RE,7/3/2025,Invoice - Gross-OCL - Output VAT RC
1234,2025,7,7/13/2025,4/23/2025,20201420,588,EUR,YI,-15.03,RE,7/13/2025,Invoice - Gross-OCL - Output VAT RC
1234,2025,7,7/13/2025,4/23/2025,20201420,588,EUR,YI,-15.03,RE,7/13/2025,Invoice - Gross-OCL - Output VAT RC
1234,2025,7,7/16/2025,2/26/2025,20201420,713,ILS,YA,"-9,200.00",RE,7/16/2025,Invoice - Gross-OCL - Output VAT RC
1234,2025,7,7/22/2025,7/15/2025,20201420,252,USD,YA,"-4,573.32",RE,7/22/2025,Invoice - Gross-OCL - Output VAT RC
1234,2025,7,7/22/2025,7/15/2025,20201420,28,USD,YA,-245.99,RE,7/22/2025,Invoice - Gross-OCL - Output VAT RC
1234,2025,7,7/25/2025,7/15/2025,20201420,345,GBP,YA,"-2,855.83",RE,7/25/2025,Invoice - Gross-OCL - Output VAT RC
1234,2025,7,7/18/2025,7/15/2025,20201420,938,GBP,YA,"-2,104.27",RE,7/18/2025,Invoice - Gross-OCL - Output VAT RC
1234,2025,7,7/18/2025,7/15/2025,20201420,651,GBP,YA,"-1,987.83",RE,7/18/2025,Invoice - Gross-OCL - Output VAT RC
1234,2025,7,7/18/2025,7/15/2025,20201420,651,GBP,YA,-528.41,RE,7/18/2025,Invoice - Gross-OCL - Output VAT RC
1234,2025,7,7/18/2025,7/15/2025,20201420,908,GBP,YA,"-2,875.00",RE,7/18/2025,Invoice - Gross-OCL - Output VAT RC
1234,2025,7,7/15/2025,7/15/2025,20201420,972,USD,YA,"-2,108.33",RE,7/15/2025,Invoice - Gross-OCL - Output VAT RC
1234,2025,7,7/15/2025,7/15/2025,20201420,4,GBP,YA,"-3,401.70",RE,7/15/2025,Invoice - Gross-OCL - Output VAT RC
1234,2025,7,7/16/2025,7/15/2025,20201420,246,USD,YA,"-3,066.59",RE,7/16/2025,Invoice - Gross-OCL - Output VAT RC
1234,2025,7,7/16/2025,7/15/2025,20201420,710,USD,YI,"-4,881.79",RE,7/16/2025,Invoice - Gross-OCL - Output VAT RC
1234,2025,7,7/16/2025,7/15/2025,20201420,917,USD,YI,-69.00,RE,7/16/2025,Invoice - Gross-OCL - Output VAT RC
1234,2025,7,7/16/2025,7/15/2025,20201420,628,USD,YI,"-1,271.44",RE,7/16/2025,Invoice - Gross-OCL - Output VAT RC
1234,2025,7,7/16/2025,7/15/2025,20201420,67,USD,YI,-794.65,RE,7/16/2025,Invoice - Gross-OCL - Output VAT RC
1234,2025,7,7/16/2025,7/15/2025,20201420,16,USD,YI,-103.96,RE,7/16/2025,Invoice - Gross-OCL - Output VAT RC
1234,2025,7,7/16/2025,7/15/2025,20201420,789,USD,YI,-415.84,RE,7/16/2025,Invoice - Gross-OCL - Output VAT RC
1234,2025,7,7/16/2025,7/15/2025,20201420,464,USD,YI,-415.84,RE,7/16/2025,Invoice - Gross-OCL - Output VAT RC
1234,2025,7,7/16/2025,7/15/2025,20201420,569,USD,YI,-207.92,RE,7/16/2025,Invoice - Gross-OCL - Output VAT RC
1234,2025,7,7/16/2025,7/15/2025,20201420,850,USD,YI,-953.58,RE,7/16/2025,Invoice - Gross-OCL - Output VAT RC
1234,2025,7,7/16/2025,7/15/2025,20201420,524,USD,YI,"-1,294.90",RE,7/16/2025,Invoice - Gross-OCL - Output VAT RC
1234,2025,7,7/16/2025,7/15/2025,20201420,821,USD,YI,-953.58,RE,7/16/2025,Invoice - Gross-OCL - Output VAT RC
1234,2025,7,7/16/2025,7/15/2025,20201420,241,USD,YI,-230.92,RE,7/16/2025,Invoice - Gross-OCL - Output VAT RC
1234,2025,7,7/16/2025,7/15/2025,20201420,602,USD,YI,-262.98,RE,7/16/2025,Invoice - Gross-OCL - Output VAT RC
1234,2025,7,7/16/2025,7/15/2025,20201420,425,USD,YI,-155.62,RE,7/16/2025,Invoice - Gross-OCL - Output VAT RC
1234,2025,7,7/16/2025,7/15/2025,20201420,294,USD,YI,"-3,338.60",RE,7/16/2025,Invoice - Gross-OCL - Output VAT RC
1234,2025,7,7/16/2025,7/15/2025,20201420,910,USD,YI,"-4,573.32",RE,7/16/2025,Invoice - Gross-OCL - Output VAT RC
1234,2025,7,7/22/2025,7/22/2025,20201420,767,USD,YI,"-2,062.41",RE,7/22/2025,Invoice - Gross-OCL - Output VAT RC
1234,2025,7,7/24/2025,7/18/2025,20201420,123,USD,YA,"-11,988.75",RE,7/24/2025,Invoice - Gross-OCL - Output VAT RC
1234,2025,7,7/21/2025,5/1/2025,20201420,844,GBP,YI,"-66,166.93",RE,7/21/2025,Invoice - Gross-OCL - Output VAT RC
1234,2025,7,7/9/2025,7/9/2025,20201420,366,GBP,YA,"-1,895.43",RE,7/9/2025,Invoice - Gross-OCL - Output VAT RC
1234,2025,7,7/9/2025,7/9/2025,20201420,33,USD,YI,"-11,989.21",RE,7/9/2025,Invoice - Gross-OCL - Output VAT RC
1234,2025,7,7/9/2025,7/9/2025,20201420,218,USD,YI,-953.58,RE,7/9/2025,Invoice - Gross-OCL - Output VAT RC
1234,2025,7,7/9/2025,7/9/2025,20201420,495,USD,YI,-185.95,RE,7/9/2025,Invoice - Gross-OCL - Output VAT RC
1234,2025,7,7/9/2025,7/9/2025,20201420,613,USD,YI,-51.98,RE,7/9/2025,Invoice - Gross-OCL - Output VAT RC
1234,2025,7,7/9/2025,7/9/2025,20201420,1,USD,YI,-51.98,RE,7/9/2025,Invoice - Gross-OCL - Output VAT RC
1234,2025,7,7/9/2025,7/9/2025,20201420,489,USD,YI,-333.15,RE,7/9/2025,Invoice - Gross-OCL - Output VAT RC
1234,2025,7,7/9/2025,7/9/2025,20201420,124,USD,YI,"-4,573.32",RE,7/9/2025,Invoice - Gross-OCL - Output VAT RC
1234,2025,7,7/9/2025,7/9/2025,20201420,849,USD,YI,-718.73,RE,7/9/2025,Invoice - Gross-OCL - Output VAT RC
1234,2025,7,7/9/2025,7/9/2025,20201420,954,USD,YI,-953.58,RE,7/9/2025,Invoice - Gross-OCL - Output VAT RC
1234,2025,7,7/9/2025,7/9/2025,20201420,310,USD,YI,-179.07,RE,7/9/2025,Invoice - Gross-OCL - Output VAT RC
1234,2025,7,7/9/2025,7/9/2025,20201420,71,USD,YI,"-2,323.81",RE,7/9/2025,Invoice - Gross-OCL - Output VAT RC
1234,2025,7,7/9/2025,7/9/2025,20201420,307,USD,YI,-207.92,RE,7/9/2025,Invoice - Gross-OCL - Output VAT RC
1234,2025,7,7/9/2025,7/9/2025,20201420,650,USD,YI,-287.39,RE,7/9/2025,Invoice - Gross-OCL - Output VAT RC
1234,2025,7,7/9/2025,7/9/2025,20201420,377,USD,YI,"-20,832.48",RE,7/9/2025,Invoice - Gross-OCL - Output VAT RC
1234,2025,7,7/9/2025,7/9/2025,20201420,396,USD,YI,"-4,839.82",RE,7/9/2025,Invoice - Gross-OCL - Output VAT RC
1234,2025,7,7/9/2025,7/9/2025,20201420,167,USD,YI,-207.92,RE,7/9/2025,Invoice - Gross-OCL - Output VAT RC
1234,2025,7,7/9/2025,7/9/2025,20201420,79,USD,YI,-953.58,RE,7/9/2025,Invoice - Gross-OCL - Output VAT RC
1234,2025,7,7/9/2025,7/9/2025,20201420,916,USD,YI,-51.98,RE,7/9/2025,Invoice - Gross-OCL - Output VAT RC
1234,2025,7,7/9/2025,7/9/2025,20201420,667,USD,YI,-207.92,RE,7/9/2025,Invoice - Gross-OCL - Output VAT RC
1234,2025,7,7/22/2025,7/9/2025,20201420,98,EUR,YI,"-6,438.16",RE,7/22/2025,Invoice - Gross-OCL - Output VAT RC
1234,2025,7,7/28/2025,7/24/2025,20201420,474,GBP,YA,"-1,150.00",RE,7/28/2025,Invoice - Gross-OCL - Output VAT RC